"bitcoin","bitcoin","Bitcoin","BTC"
"ethereum","ethereum","Ethereum","ETH"
"tether","tether","Tether","USDT"
"binance-coin","binance-coin","BNB","BNB"
"solana","solana","Solana","SOL"
"usd-coin","usd-coin","USDC","USDC"
"xrp","xrp","XRP","XRP"
"dogecoin","dogecoin","Dogecoin","DOGE"
"cardano","cardano","Cardano","ADA"
"avalanche","avalanche","Avalanche","AVAX"
"shiba-inu","shiba-inu","Shiba Inu","SHIB"
"polkadot","polkadot","Polkadot","DOT"
"chainlink","chainlink","Chainlink","LINK"
"tron","tron","TRON","TRX"
"wrapped-bitcoin","wrapped-bitcoin","Wrapped Bitcoin","WBTC"
"polygon","polygon","Polygon","MATIC"
"bitcoin-cash","bitcoin-cash","Bitcoin Cash","BCH"
"uniswap","uniswap","Uniswap","UNI"
"near-protocol","near-protocol","NEAR Protocol","NEAR"
"litecoin","litecoin","Litecoin","LTC"
"internet-computer","internet-computer","Internet Computer","ICP"
"unus-sed-leo","unus-sed-leo","UNUS SED LEO","LEO"
"multi-collateral-dai","multi-collateral-dai","Multi Collateral DAI","DAI"
"stacks","stacks","Stacks","STX"
"filecoin","filecoin","Filecoin","FIL"
"ethereum-classic","ethereum-classic","Ethereum Classic","ETC"
"render-token","render-token","Render Token","RNDR"
"stellar","stellar","Stellar","XLM"
"okb","okb","OKB","OKB"
"the-graph","the-graph","The Graph","GRT"
"crypto-com-coin","crypto-com-coin","Crypto.com Coin","CRO"
"fantom","fantom","Fantom","FTM"
"vechain","vechain","VeChain","VET"
"maker","maker","Maker","MKR"
"cosmos","cosmos","Cosmos","ATOM"
"theta","theta","THETA","THETA"
"thorchain","thorchain","THORChain","RUNE"
"injective-protocol","injective-protocol","Injective","INJ"
"monero","monero","Monero","XMR"
"arweave","arweave","Arweave","AR"
"lido-dao","lido-dao","Lido DAO","LDO"
"fetch","fetch","Fetch.ai","FET"
"algorand","algorand","Algorand","ALGO"
"flow","flow","Flow","FLOW"
"gala","gala","Gala","GALA"
"aave","aave","Aave","AAVE"
"conflux-network","conflux-network","Conflux","CFX"
"hedera-hashgraph","hedera-hashgraph","Hedera Hashgraph","HBAR"
"bitcoin-sv","bitcoin-sv","Bitcoin SV","BSV"
"the-sandbox","the-sandbox","The Sandbox","SAND"
"quant","quant","Quant","QNT"
"axie-infinity","axie-infinity","Axie Infinity","AXS"
"elrond-egld","elrond-egld","MultiversX","EGLD"
"kucoin-token","kucoin-token","KuCoin Token","KCS"
"singularitynet","singularitynet","SingularityNET","AGIX"
"mina","mina","Mina","MINA"
"decentraland","decentraland","Decentraland","MANA"
"tezos","tezos","Tezos","XTZ"
"chiliz","chiliz","Chiliz","CHZ"
"akash-network","akash-network","Akash Network","AKT"
"eos","eos","EOS","EOS"
"helium","helium","Helium","HNT"
"ecash","ecash","eCash","XEC"
"neo","neo","Neo","NEO"
"synthetix-network-token","synthetix-network-token","Synthetix","SNX"
"kava","kava","Kava","KAVA"
"wemix","wemix","WEMIX","WEMIX"
"trueusd","trueusd","TrueUSD","TUSD"
"pancakeswap","pancakeswap","PancakeSwap","CAKE"
"iota","iota","IOTA","IOTA"
"oasis-network","oasis-network","Oasis Network","ROSE"
"klaytn","klaytn","Klaytn","KLAY"
"nervos-network","nervos-network","Nervos Network","CKB"
"aioz-network","aioz-network","AIOZ Network","AIOZ"
"gnosis-gno","gnosis-gno","Gnosis","GNO"
"pendle","pendle","Pendle","PENDLE"
"wootrade","wootrade","WOO","WOO"
"curve-dao-token","curve-dao-token","Curve DAO Token","CRV"
"nexo","nexo","Nexo","NEXO"
"0x","0x","0x Protocol","ZRX"
"ribbon-finance","ribbon-finance","Ribbon Finance","RBN"
"gatetoken","gatetoken","GateToken","GT"
"iotex","iotex","IoTeX","IOTX"
"bitcoin-gold","bitcoin-gold","Bitcoin Gold","BTG"
"enjin-coin","enjin-coin","Enjin Coin","ENJ"
"ftx-token","ftx-token","FTX Token","FTT"
"rocket-pool","rocket-pool","Rocket Pool","RPL"
"1inch","1inch","1inch Network","1INCH"
"ocean-protocol","ocean-protocol","Ocean Protocol","OCEAN"
"dydx","dydx","dYdX","DYDX"
"livepeer","livepeer","Livepeer","LPT"
"zilliqa","zilliqa","Zilliqa","ZIL"
"compound","compound","Compound","COMP"
"xinfin-network","xinfin-network","XinFin Network","XDC"
"frax-share","frax-share","Frax Share","FXS"
"celo","celo","Celo","CELO"
"superfarm","superfarm","SuperVerse","SUPER"
"holo","holo","Holo","HOT"
"trust-wallet-token","trust-wallet-token","Trust Wallet Token","TWT"
"raydium","raydium","Raydium","RAY"
"metisdao","metisdao","Metis","METIS"
"loopring","loopring","Loopring","LRC"
"siacoin","siacoin","Siacoin","SC"
"dexe","dexe","DeXe","DEXE"
"skale-network","skale-network","SKALE","SKL"
"theta-fuel","theta-fuel","Theta Fuel","TFUEL"
"blox","blox","Blox","CDT"
"golem-network-tokens","golem-network-tokens","Golem","GLM"
"illuvium","illuvium","Illuvium","ILV"
"zcash","zcash","Zcash","ZEC"
"origintrail","origintrail","OriginTrail","TRAC"
"casper","casper","Casper","CSPR"
"nxm","nxm","NXM","NXM"
"aelf","aelf","aelf","ELF"
"centrifuge","centrifuge","Centrifuge","CFG"
"basic-attention-token","basic-attention-token","Basic Attention Token","BAT"
"qtum","qtum","Qtum","QTUM"
"mask-network","mask-network","Mask Network","MASK"
"ankr","ankr","Ankr","ANKR"
"amp","amp","Amp","AMP"
"gas","gas","Gas","GAS"
"nem","nem","NEM","XEM"
"waves","waves","Waves","WAVES"
"dash","dash","Dash","DASH"
"reserve-rights","reserve-rights","Reserve Rights","RSR"
"harmony","harmony","Harmony","ONE"
"fei-protocol","fei-protocol","Fei Protocol","FEI"
"decred","decred","Decred","DCR"
"sushiswap","sushiswap","SushiSwap","SUSHI"
"kusama","kusama","Kusama","KSM"
"convex-finance","convex-finance","Convex Finance","CVX"
"kadena","kadena","Kadena","KDA"
"aragon","aragon","Aragon","ANT"
"ravencoin","ravencoin","Ravencoin","RVN"
"telcoin","telcoin","Telcoin","TEL"
"chromia","chromia","Chromia","CHR"
"audius","audius","Audius","AUDIO"
"just","just","JUST","JST"
"api3","api3","API3","API3"
"vethor-token","vethor-token","VeThor Token","VTHO"
"uma","uma","UMA","UMA"
"yield-guild-games","yield-guild-games","Yield Guild Games","YGG"
"coti","coti","COTI","COTI"
"icon","icon","ICON","ICX"
"ontology","ontology","Ontology","ONT"
"mantra-dao","mantra-dao","MANTRA DAO","OM"
"wax","wax","WAX","WAXP"
"storj","storj","Storj","STORJ"
"yearn-finance","yearn-finance","yearn.finance","YFI"
"band-protocol","band-protocol","Band Protocol","BAND"
"balancer","balancer","Balancer","BAL"
"swissborg","swissborg","SwissBorg","BORG"
"marlin","marlin","Marlin","POND"
"rlc","rlc","iExec RLC","RLC"
"syscoin","syscoin","Syscoin","SYS"
"celer-network","celer-network","Celer Network","CELR"
"rsk-infrastructure-framework","rsk-infrastructure-framework","Rootstock Infrastructure Framework","RIF"
"cartesi","cartesi","Cartesi","CTSI"
"digibyte","digibyte","DigiByte","DGB"
"tellor","tellor","Tellor","TRB"
"iostoken","iostoken","IOST","IOST"
"lisk","lisk","Lisk","LSK"
"phala-network","phala-network","Phala Network","PHA"
"numeraire","numeraire","Numeraire","NMR"
"vulcan-forged-pyr","vulcan-forged-pyr","Vulcan Forged (PYR)","PYR"
"nano","nano","Nano","XNO"
"prometeus","prometeus","Prom","PROM"
"syntropy","syntropy","Syntropy","NOIA"
"horizen","horizen","Horizen","ZEN"
"covalent","covalent","Covalent","CQT"
"braintrust","braintrust","Braintrust","BTRST"
"lcx","lcx","LCX","LCX"
"hive-blockchain","hive-blockchain","Hive","HIVE"
"power-ledger","power-ledger","Powerledger","POWR"
"moonriver","moonriver","Moonriver","MOVR"
"paxos-standard","paxos-standard","Pax Dollar","USDP"
"dent","dent","Dent","DENT"
"oraichain-token","oraichain-token","Oraichain","ORAI"
"secret","secret","Secret","SCRT"
"wilder-world","wilder-world","Wilder World","WILD"
"status","status","Status","SNT"
"keep-network","keep-network","Keep Network","KEEP"
"kyber-network","kyber-network","Kyber Network","KNC"
"dusk-network","dusk-network","Dusk","DUSK"
"arcblock","arcblock","Arcblock","ABT"
"dodo","dodo","DODO","DODO"
"pundix-new","pundix-new","Pundi X (New)","PUNDIX"
"gamercoin","gamercoin","GamerCoin","GHX"
"wink","wink","WINkLink","WIN"
"telos","telos","Telos","TLOS"
"sun-token","sun-token","Sun (New)","SUN"
"civic","civic","Civic","CVC"
"bluzelle","bluzelle","Bluzelle","BLZ"
"omg","omg","OMG Network","OMG"
"xyo","xyo","XYO","XYO"
"orchid","orchid","Orchid","OXT"
"ontology-gas","ontology-gas","Ontology Gas","ONG"
"ergo","ergo","Ergo","ERG"
"steem","steem","Steem","STEEM"
"ecomi","ecomi","ECOMI","OMI"
"dkargo","dkargo","dKargo","DKA"
"request","request","Request","REQ"
"alpha-finance-lab","alpha-finance-lab","Stella","ALPHA"
"stasis-euro","stasis-euro","STASIS EURO","EURS"
"standard-tokenization-protocol","standard-tokenization-protocol","STP","STPT"
"metal","metal","Metal DAO","MTL"
"dogelon","dogelon","Dogelon Mars","ELON"
"cudos","cudos","CUDOS","CUDOS"
"huobi-token","huobi-token","Huobi Token","HT"
"radicle","radicle","Radworks","RAD"
"orbs","orbs","Orbs","ORBS"
"bifrost","bifrost","Bifrost","BFC"
"truefi-token","truefi-token","TrueFi","TRU"
"myneighboralice","myneighboralice","MyNeighborAlice","ALICE"
"radio-caca","radio-caca","RACA","RACA"
"trias-token","trias-token","Trias Token (New)","TRIAS"
"mobox","mobox","MOBOX","MBOX"
"origin-protocol","origin-protocol","Origin Protocol","OGN"
"ardor","ardor","Ardor","ARDR"
"star-atlas-polis","star-atlas-polis","Star Atlas DAO","POLIS"
"frontier","frontier","Frontier","FRONT"
"superrare","superrare","SuperRare","RARE"
"ampleforth-governance-token","ampleforth-governance-token","Ampleforth Governance Token","FORTH"
"badger-dao","badger-dao","Badger DAO","BADGER"
"verasity","verasity","Verasity","VRA"
"wazirx","wazirx","WazirX","WRX"
"adventure-gold","adventure-gold","Adventure Gold","AGLD"
"bancor","bancor","Bancor","BNT"
"nkn","nkn","NKN","NKN"
"arpa-chain","arpa-chain","ARPA","ARPA"
"platon","platon","PlatON","LAT"
"stormx","stormx","StormX","STMX"
"polkastarter","polkastarter","Polkastarter","POLS"
"alien-worlds","alien-worlds","Alien Worlds","TLM"
"moviebloc","moviebloc","MovieBloc","MBL"
"quarkchain","quarkchain","QuarkChain","QKC"
"perpetual-protocol","perpetual-protocol","Perpetual Protocol","PERP"
"ultra","ultra","Ultra","UOS"
"verge","verge","Verge","XVG"
"uquid-coin","uquid-coin","Uquid Coin","UQC"
"cortex","cortex","Cortex","CTXC"
"tomochain","tomochain","Viction","VIC"
"clover","clover","CLV","CLV"
"ren","ren","Ren","REN"
"tokenlon-network-token","tokenlon-network-token","Tokenlon Network Token","LON"
"automata-network","automata-network","Automata Network","ATA"
"swipe","swipe","SXP","SXP"
"certik","certik","Shentu","CTK"
"streamr","streamr","Streamr","DATA"
"wirex-token","wirex-token","Wirex Token","WXT"
"orion-protocol","orion-protocol","Orion","ORN"
"dego-finance","dego-finance","Dego Finance","DEGO"
"linear","linear","Linear Finance","LINA"
"defi-pulse-index","defi-pulse-index","DeFi Pulse Index","DPI"
"energy-web-token","energy-web-token","Energy Web Token","EWT"
"singularitydao","singularitydao","SingularityDAO","SDAO"
"playdapp","playdapp","PlayDapp","PDA"
"lto-network","lto-network","LTO Network","LTO"
"district0x","district0x","district0x","DNT"
"dia","dia","DIA","DIA"
"persistence","persistence","Persistence One","XPRT"
"enzyme","enzyme","Enzyme","MLN"
"elastos","elastos","Elastos","ELA"
"alchemix","alchemix","Alchemix","ALCX"
"dextools","dextools","DEXTools","DEXT"
"funtoken","funtoken","FUNToken","FUN"
"function-x","function-x","Function X","FX"
"reef","reef","Reef","REEF"
"measurable-data-token","measurable-data-token","Measurable Data Token","MDT"
"aleph-im","aleph-im","Aleph.im","ALEPH"
"idex","idex","IDEX","IDEX"
"rally","rally","Rally","RLY"
"irisnet","irisnet","IRISnet","IRIS"
"utrust","utrust","xMoney","UTK"
"morpheus-network","morpheus-network","Morpheus.Network","MNW"
"kin","kin","Kin","KIN"
"bonfida","bonfida","Bonfida","FIDA"
"router-protocol","router-protocol","Router Protocol","ROUTE"
"aavegotchi","aavegotchi","Aavegotchi","GHST"
"wanchain","wanchain","Wanchain","WAN"
"selfkey","selfkey","SelfKey","KEY"
"nuls","nuls","NULS","NULS"
"litentry","litentry","Litentry","LIT"
"abbc-coin","abbc-coin","ABBC Coin","ABBC"
"stratos","stratos","Stratos","STOS"
"ampleforth","ampleforth","Ampleforth","AMPL"
"bella-protocol","bella-protocol","Bella Protocol","BEL"
"rarible","rarible","Rarible","RARI"
"hackenai","hackenai","Hacken Token","HAI"
"assemble-protocol","assemble-protocol","Assemble Protocol","ASM"
"thunder-token","thunder-token","ThunderCore","TT"
"cream-finance","cream-finance","Cream Finance","CREAM"
"komodo","komodo","Komodo","KMD"
"taraxa","taraxa","Taraxa","TARA"
"mxc","mxc","MXC","MXC"
"contentos","contentos","Contentos","COS"
"travala","travala","AVA","AVA"
"tranchess","tranchess","Tranchess","CHESS"
"bitmax-token","bitmax-token","ASD","ASD"
"velo","velo","Velo","VELO"
"stafi","stafi","StaFi","FIS"
"mdex","mdex","Mdex","MDX"
"cellframe","cellframe","Cellframe","CELL"
"unifi-protocol-dao","unifi-protocol-dao","Unifi Protocol DAO","UNFI"
"ternoa","ternoa","Ternoa","CAPS"
"paris-saint-germain-fan-token","paris-saint-germain-fan-token","Paris Saint-Germain Fan Token","PSG"
"solanium","solanium","Solanium","SLIM"
"klever","klever","Klever","KLV"
"keep3rv1","keep3rv1","Keep3rV1","KP3R"
"hathor","hathor","Hathor","HTR"
"dock","dock","Dock","DOCK"
"adx-net","adx-net","AdEx","ADX"
"proton","proton","XPR Network","XPR"
"parsiq","parsiq","PARSIQ","PRQ"
"fox-token","fox-token","FOX Token","FOX"
"harvest-finance","harvest-finance","Harvest Finance","FARM"
"hard-protocol","hard-protocol","Kava Lend","HARD"
"vite","vite","VITE","VITE"
"pivx","pivx","PIVX","PIVX"
"sentinel","sentinel","Sentinel","DVPN"
"fio-protocol","fio-protocol","FIO Protocol","FIO"
"barnbridge","barnbridge","BarnBridge","BOND"
"metahero","metahero","Metahero","HERO"
"akropolis","akropolis","Akropolis","AKRO"
"airswap","airswap","AirSwap","AST"
"firo","firo","Firo","FIRO"
"unilend","unilend","UniLend","UFT"
"phantasma","phantasma","Phantasma","SOUL"
"dvision-network","dvision-network","Dvision Network","DVI"
"troy","troy","TROY","TROY"
"kardiachain","kardiachain","KardiaChain","KAI"
"gifto","gifto","Gifto","GFT"
"the-force-protocol","the-force-protocol","ForTube","FOR"
"karura","karura","Karura","KAR"
"rmrk","rmrk","RMRK","RMRK"
"dforce","dforce","dForce","DF"
"newscrypto","newscrypto","Newscrypto","NWC"
"voyager-token","voyager-token","Voyager Token","VGX"
"kleros","kleros","Kleros","PNK"
"yearn-finance-ii","yearn-finance-ii","DFI.Money","YFII"
"ferrum-network","ferrum-network","Ferrum Network","FRM"
"trustswap","trustswap","TrustSwap","SWAP"
"deeper-network","deeper-network","Deeper Network","DPR"
"yield-app","yield-app","Yield App","YLD"
"fuse-network","fuse-network","Fuse","FUSE"
"viberate","viberate","Viberate","VIB"
"kryll","kryll","Kryll","KRL"
"suku","suku","Suku","SUKU"
"bytom","bytom","Bytom","BTM"
"oax","oax","OAX","OAX"
"powerpool","powerpool","PowerPool","CVP"
"hapi-one","hapi-one","HAPI Protocol","HAPI"
"mixmarvel","mixmarvel","MixMarvel","MIX"
"revv","revv","REVV","REVV"
"lambda","lambda","Lambda","LAMB"
"nimiq","nimiq","Nimiq","NIM"
"solve","solve","SOLVE","SOLVE"
"burger-swap","burger-swap","BurgerCities","BURGER"
"serum","serum","Serum","SRM"
"epns","epns","Push Protocol","PUSH"
"energi","energi","Energi","NRG"
"hydra","hydra","Hydra","HYDRA"
"sharetoken","sharetoken","ShareToken","SHR"
"robonomics-network","robonomics-network","Robonomics.network","XRT"
"amber","amber","Ambrosus","AMB"
"everest","everest","Everest","ID"
"bitshares","bitshares","BitShares","BTS"
"augur","augur","Augur","REP"
"bitkan","bitkan","BitKan","KAN"
"openocean","openocean","OpenOcean","OOE"
"realio-network","realio-network","Realio Network","RIO"
"apenft","apenft","APENFT","NFT"
"pluton","pluton","Pluton","PLU"
"tower-token","tower-token","TOWER","TOWER"
"muse","muse","Muse","MUSE"
"presearch","presearch","Presearch","PRE"
"umbrella-network","umbrella-network","Umbrella Network","UMB"
"sylo","sylo","Sylo","SYLO"
"multivac","multivac","MultiVAC","MTV"
"zkswap","zkswap","ZKBase","ZKB"
"divi","divi","Divi","DIVI"
"whale","whale","WHALE","WHALE"
"redfox-labs","redfox-labs","RFOX","RFOX"
"mahadao","mahadao","MahaDAO","MAHA"
"bosagora","bosagora","BOSagora","BOA"
"polkadex","polkadex","Polkadex","PDEX"
"dsla-protocol","dsla-protocol","DSLA Protocol","DSLA"
"drep-new","drep-new","Drep [new]","DREP"
"exeedme","exeedme","Exeedme","XED"
"dad","dad","DAD","DAD"
"mirror-protocol","mirror-protocol","Mirror Protocol","MIR"
"dfyn-network","dfyn-network","Dfyn Network","DFYN"
"rai","rai","Rai Reflex Index","RAI"
"ignis","ignis","Ignis","IGNIS"
"v-systems","v-systems","v.systems","VSYS"
"crpt","crpt","Crypterium","CRPT"
"electric-vehicle-zone","electric-vehicle-zone","Electric Vehicle Zone","EVZ"
"smartkey","smartkey","Skey Network","SKEY"
"roobee","roobee","ROOBEE","ROOBEE"
"polkabridge","polkabridge","PolkaBridge","PBR"
"chain-guardians","chain-guardians","ChainGuardians","CGG"
"monsta-infinite","monsta-infinite","Monsta Infinite","MONI"
"lympo","lympo","Lympo","LYM"
"polkamarkets","polkamarkets","Polkamarkets","POLK"
"dafi-protocol","dafi-protocol","DAFI Protocol","DAFI"
"small-love-potion","small-love-potion","Small Love Potion","SLP"
"antimatter","antimatter","Bitune","TUNE"
"free-coin","free-coin","FREEdom Coin","FREE"
"crowns","crowns","Seascape Crowns","CWS"
"julswap","julswap","JulSwap","JULD"
"arcticcoin","arcticcoin","Advanced Technology Coin","ARC"
"crust","crust","Crust","CRU"
"zeroswap","zeroswap","ZeroSwap","ZEE"
"konomi-network","konomi-network","Konomi Network","KONO"
"suterusu","suterusu","suterusu","SUTER"
"insurace","insurace","InsurAce","INSUR"
"bird-money","bird-money","Bird.Money","BIRD"
"labs-group","labs-group","LABS Group","LABS"
"polkamon","polkamon","Polychain Monsters","PMON"
"oddz","oddz","Oddz","ODDZ"
"unmarshal-token","unmarshal-token","UnMarshal","MARSH"
"flux","flux","Datamine FLUX","FLUX"
"oneledger","oneledger","OneLedger","OLT"
"waykichain","waykichain","WaykiChain","WICC"
"vai","vai","Vai","VAI"
"alpaca-finance","alpaca-finance","Alpaca Finance","ALPACA"
"kira-network","kira-network","KIRA","KEX"
"maps","maps","MAPS","MAPS"
"folmcoin","folmcoin","FolmCoin","FLM"
"waves-enterprise","waves-enterprise","Waves Enterprise","WEST"
"pax-gold","pax-gold","PAX Gold","PAXG"
"hyve","hyve","Hyve","HYVE"
"tidal-finance","tidal-finance","Tidal Finance","TIDAL"
"titanswap","titanswap","TitanSwap","TITAN"
"hedget","hedget","Hedget","HGET"
"curate","curate","Curate","XCUR"
"refinable","refinable","Refinable","FINE"
"alchemy-pay","alchemy-pay","Alchemy Pay","ACH"
"orbit-chain","orbit-chain","Orbit Chain","ORC"
"quickswap","quickswap","QuickSwap [Old]","QUICK"
"liquity","liquity","Liquity","LQTY"
"bakerytoken","bakerytoken","BakeryToken","BAKE"
"stox","stox","Stox","STX"
"venus","venus","Venus","XVS"
"xcad-network","xcad-network","XCAD Network","XCAD"
"tokocrypto","tokocrypto","Toko Token","TKO"
"flex","flex","FLEX","FLEX"
"index-cooperative","index-cooperative","Index Cooperative","INDEX"
"bittorrent","bittorrent","BitTorrent","BTTOLD"
"binaryx","binaryx","BinaryX (old)","BNX"
"safepal","safepal","SafePal","SFP"
"vidt-datalink","vidt-datalink","VIDT Datalink","VIDT"
"yooshi","yooshi","YooShi","YOOSHI"
"seedify-fund","seedify-fund","Seedify.fund","SFUND"
"unizen","unizen","Unizen","ZCX"
"terrausd","terrausd","TerraClassicUSD","USTC"
"fanstime","fanstime","FansTime","FTI"
"hex","hex","HEX","HEX"
"avalaunch","avalaunch","Avalaunch","XAVA"
"tether-gold","tether-gold","Tether Gold","XAUT"
"matrix-ai-network","matrix-ai-network","Matrix AI Network","MAN"
"six","six","SIX","SIX"
"hopr","hopr","HOPR","HOPR"
"unobtanium","unobtanium","Unobtanium","UNO"
"hot-cross","hot-cross","Hot Cross","HOTCROSS"
"smartmesh","smartmesh","SmartMesh","SMT"
"suncontract","suncontract","SunContract","SNC"
"my-defi-pet","my-defi-pet","My DeFi Pet","DPET"
"rubic","rubic","Rubic","RBC"
"uniform-fiscal-object","uniform-fiscal-object","Uniform Fiscal Object","UFO"
"achain","achain","Achain","ACT"
"spell-token","spell-token","Spell Token","SPELL"
"instadapp","instadapp","Instadapp","INST"
"launchpool","launchpool","Launchpool","LPOOL"
"gamee","gamee","GAMEE","GMEE"
"steth","steth","Lido Staked ETH","STETH"
"sola-token","sola-token","Sola Token","SOL"
"bitcoin-bep2","bitcoin-bep2","Bitcoin BEP2","BTCB"
"frax","frax","Frax","FRAX"
"mx-token","mx-token","MX TOKEN","MX"
"terra-virtua-kolect","terra-virtua-kolect","Virtua","TVK"
"bolenum","bolenum","Bolenum","BLN"
"joe","joe","JOE","JOE"
"tribe","tribe","Tribe","TRIBE"
"stratis","stratis","Stratis","STRAX"
"ark","ark","Ark","ARK"
"symbol","symbol","Symbol","XYM"
"gemini-dollar","gemini-dollar","Gemini Dollar","GUSD"
"ethernity-chain","ethernity-chain","Ethernity","ERN"
"milk-alliance","milk-alliance","MiL.k","MLK"
"loom-network","loom-network","Loom Network","LOOM"
"sharder","sharder","Sharder","SS"
"medibloc","medibloc","MediBloc","MED"
"electroneum","electroneum","Electroneum","ETN"
"propy","propy","Propy","PRO"
"gamefi","gamefi","GameFi.org","GAFI"
"sora","sora","SORA","XOR"
"constellation","constellation","Constellation","DAG"
"polymath-network","polymath-network","Polymath","POLY"
"pangolin","pangolin","Pangolin","PNG"
"cobak-token","cobak-token","Cobak Token","CBK"
"maple","maple","Maple","MPL"
"cofound-it","cofound-it","Cofound.it","CFI"
"carry","carry","Carry","CRE"
"aergo","aergo","Aergo","AERGO"
"flamingo","flamingo","Flamingo","FLM"
"hunt","hunt","Hunt Town","HUNT"
"defichain","defichain","DeFiChain","DFI"
"bytecoin-bcn","bytecoin-bcn","Bytecoin","BCN"
"supercoin","supercoin","SuperCoin","SUPER"
"groestlcoin","groestlcoin","Groestlcoin","GRS"
"velas","velas","Velas","VLX"
"celsius","celsius","Celsius","CEL"
"susd","susd","sUSD","SUSD"
"moss-coin","moss-coin","Moss Coin","MOC"
"radix","radix","e-Radix","EXRD"
"circuits-of-value","circuits-of-value","Circuits of Value","COVAL"
"alpha-quark-token","alpha-quark-token","Alpha Quark Token","AQT"
"wrapped-ncg","wrapped-ncg","Nine Chronicles","WNCG"
"deepbrain-chain","deepbrain-chain","DeepBrain Chain","DBC"
"pirate-chain","pirate-chain","Pirate Chain","ARRR"
"fc-barcelona-fan-token","fc-barcelona-fan-token","FC Barcelona Fan Token","BAR"
"galatasaray-fan-token","galatasaray-fan-token","Galatasaray Fan Token","GAL"
"aventus","aventus","Aventus","AVT"
"coinex-token","coinex-token","CoinEx Token","CET"
"poolz-finance","poolz-finance","Poolz Finance","POOLX"
"monacoin","monacoin","MonaCoin","MONA"
"taboo-token","taboo-token","TABOO TOKEN","TABOO"
"bitcoin-diamond","bitcoin-diamond","Bitcoin Diamond","BCD"
"dragonchain","dragonchain","Dragonchain","DRGN"
"math","math","MATH","MATH"
"revolution-populi","revolution-populi","Revolution Populi","RVP"
"swftcoin","swftcoin","SwftCoin","SWFTC"
"mango-markets","mango-markets","Mango","MNGO"
"hermez-network","hermez-network","Hermez Network","HEZ"
"witchain","witchain","WITChain","WIT"
"shiden-network","shiden-network","Shiden Network","SDN"
"fusion","fusion","Fusion","FSN"
"saito","saito","Saito","SAITO"
"aeternity","aeternity","Æternity","AE"
"beam","beam","Beam","BEAM"
"unibright","unibright","Unibright","UBT"
"juventus-fan-token","juventus-fan-token","Juventus Fan Token","JUV"
"prosper","prosper","Prosper","PROS"
"hegic","hegic","Hegic","HEGIC"
"project-with","project-with","Project WITH","WIKEN"
"cumrocket","cumrocket","CumRocket","CUMMIES"
"bscpad","bscpad","BSCPAD","BSCPAD"
"uncx","uncx","UNCX Network","UNCX"
"nftx","nftx","NFTX","NFTX"
"lossless","lossless","Lossless","LSS"
"babb","babb","BABB","BAX"
"banano","banano","Banano","BAN"
"digitalbits","digitalbits","XDB CHAIN","XDB"
"handshake","handshake","Handshake","HNS"
"switcheo","switcheo","Carbon Protocol","SWTH"
"bepro-network","bepro-network","Bepro","BEPRO"
"nest-protocol","nest-protocol","NEST Protocol","NEST"
"hoge-finance","hoge-finance","Hoge Finance","HOGE"
"polkafoundry","polkafoundry","Red Kite","PKF"
"lithium","lithium","Lithium","LITH"
"origin-dollar","origin-dollar","Origin Dollar","OUSD"
"life","life","LIFE","LIFE"
"unisocks","unisocks","Unisocks","SOCKS"
"gameswap","gameswap","Gameswap","GSWAP"
"darwinia-network","darwinia-network","Darwinia Network","RING"
"shyft-network","shyft-network","Shyft Network","SHFT"
"x-world-games","x-world-games","X World Games","XWG"
"hypercash","hypercash","HyperCash","HC"
"namecoin","namecoin","Namecoin","NMC"
"babyswap","babyswap","BabySwap","BABY"
"wom-protocol","wom-protocol","WOM Protocol","WOM"
"single-collateral-dai","single-collateral-dai","Single Collateral DAI","SAI"
"gochain","gochain","GoChain","GO"
"idavoll-network","idavoll-network","Idavoll DAO","IDV"
"grin","grin","Grin","GRIN"
"acent","acent","ACENT","ACE"
"as-roma-fan-token","as-roma-fan-token","AS Roma Fan Token","ASR"
"props","props","Props Token","PROPS"
"dotmoovs","dotmoovs","Dotmoovs","MOOV"
"cashaa","cashaa","Cashaa","CAS"
"idle","idle","Idle","IDLE"
"visor-finance","visor-finance","Visor.Finance","VISR"
"chainx","chainx","ChainX","PCX"
"mysterium","mysterium","Mysterium","MYST"
"lattice-token","lattice-token","Lattice Token","LTX"
"dxchain-token","dxchain-token","DxChain Token","DX"
"juggernaut","juggernaut","Juggernaut","JGN"
"bondly","bondly","Forj (Bondly)","BONDLY"
"haven-protocol","haven-protocol","Haven Protocol","XHV"
"saffron-finance","saffron-finance","saffron.finance","SFI"
"vertcoin","vertcoin","Vertcoin","VTC"
"vesper","vesper","Vesper","VSP"
"nftb","nftb","NFTb","NFTB"
"razor-network","razor-network","Razor Network","RAZOR"
"pickle-finance","pickle-finance","Pickle Finance","PICKLE"
"urus","urus","Aurox","URUS"
"niftyx-protocol","niftyx-protocol","Niftyx Protocol","SHROOM"
"ariva","ariva","Ariva","ARV"
"chimpion","chimpion","Chimpion","BNANA"
"zynecoin","zynecoin","Zynecoin","ZYN"
"efforce","efforce","Efforce","WOZX"
"vidya","vidya","Vidya","VIDYA"
"oxygen","oxygen","Oxygen","OXY"
"library-credit","library-credit","LBRY Credits","LBC"
"quantstamp","quantstamp","Quantstamp","QSP"
"plasma-finance","plasma-finance","Plasma Finance","PPAY"
"abyss","abyss","Abyss","ABYSS"
"doggy","doggy","DOGGY","DOGGY"
"amepay","amepay","AME Chain","AME"
"sparkpoint","sparkpoint","SparkPoint","SRK"
"populous","populous","Populous","PPT"
"astroswap","astroswap","AstroSwap","ASTRO"
"tenx","tenx","TenX","PAY"
"ally","ally","ALLY","ALY"
"k21","k21","K21","K21"
"meta","meta","mStable Governance Token: Meta (MTA)","MTA"
"super-zero-protocol","super-zero-protocol","Super Zero Protocol","SERO"
"salt","salt","SALT","SALT"
"lgcy-network","lgcy-network","LGCY Network","LGCY"
"convergence","convergence","Convergence","CONV"
"unilayer","unilayer","UniLayer","LAYER"
"top","top","TOP","TOP"
"safe-haven","safe-haven","Safe Haven","SHA"
"ubix-network","ubix-network","UBIX.Network","UBX"
"xmon","xmon","XMON","XMON"
"neutrino-system-base-token","neutrino-system-base-token","Neutrino Token","NSBT"
"unistake","unistake","Unistake","UNISTAKE"
"waltonchain","waltonchain","Waltonchain","WTC"
"eminer","eminer","Eminer","EM"
"enigma-project","enigma-project","Enigma","ENG"
"fedoracoin","fedoracoin","FedoraCoin","TIPS"
"mithril","mithril","Mithril","MITH"
"decentr","decentr","Decentr","DEC"
"tokamak-network","tokamak-network","Tokamak Network","TON"
"rio-defi","rio-defi","RioDeFi","RFUEL"
"tranche-finance","tranche-finance","Tranche Finance","SLICE"
"moneytoken","moneytoken","Moneytoken","IMT"
"blank-wallet","blank-wallet","BlockWallet","BLANK"
"perlin","perlin","PERL.eco","PERL"
"sumokoin","sumokoin","Sumokoin","SUMO"
"reapchain","reapchain","ReapChain","REAP"
"keystone-of-opportunity-knowledge","keystone-of-opportunity-knowledge","KOK","KOK"
"genaro-network","genaro-network","Genaro Network","GNX"
"strong","strong","Strong","STRONG"
"leverj-gluon","leverj-gluon","Leverj Gluon","L2"
"dora-factory","dora-factory","Dora Factory (old)","DORA"
"optionroom","optionroom","OptionRoom","ROOM"
"opium","opium","Opium","OPIUM"
"high-performance-blockchain","high-performance-blockchain","Hyperblox","HPB"
"digg","digg","DIGG","DIGG"
"bridge-mutual","bridge-mutual","Bridge Mutual","BMI"
"new-bitshares","new-bitshares","New BitShares","NBS"
"refereum","refereum","Refereum","RFR"
"float-protocol","float-protocol","Float Protocol (Bank)","BANK"
"ruff","ruff","Ruff","RUFF"
"octofi","octofi","OctoFi","OCTO"
"raze-network","raze-network","Raze Network","RAZE"
"swop","swop","Swop","SWOP"
"powertrade-fuel","powertrade-fuel","PowerTrade Fuel","PTF"
"fractal","fractal","Fractal ID","FCL"
"tixl-new","tixl-new","Autobahn Network","TXL"
"step-finance","step-finance","Step Finance","STEP"
"internxt","internxt","Internxt","INXT"
"sake-token","sake-token","SakeToken","SAKE"
"nerve-finance","nerve-finance","Nerve Finance","NRV"
"apyswap","apyswap","APYSwap","APYS"
"easyfi","easyfi","EasyFi","EZ"
"hashgard","hashgard","Hashgard","GARD"
"finxflo","finxflo","Finxflo","FXF"
"genesis-shards","genesis-shards","Genesis Shards","GS"
"formation-fi","formation-fi","Formation Fi","FORM"
"berry-data","berry-data","Berry Data","BRY"
"sentinel-chain","sentinel-chain","Sentinel Chain","SENC"
"goose-finance","goose-finance","Goose Finance","EGG"
"deri-protocol","deri-protocol","Deri Protocol","DERI"
"swerve","swerve","Swerve","SWRV"
"olyseum","olyseum","Olyseum","OLY"
"basis-cash","basis-cash","Basis Cash","BAC"
"terra-luna","terra-luna","Terra Classic","LUNC"
"jupiter","jupiter","Jupiter","JUP"
"mainframe","mainframe","Mainframe","MFT"
"hydro-protocol","hydro-protocol","Hydro Protocol","HOT"
"adappter-token","adappter-token","Adappter Token","ADP"
"rootkit-finance","rootkit-finance","Rootkit Finance","ROOT"
"tenset","tenset","Tenset","10SET"
"anoncoin","anoncoin","Anoncoin","ANC"
"cappasity","cappasity","Cappasity","CAPP"
"newton","newton","Newton","NEW"
"probit-token","probit-token","ProBit Token","PROB"
"lukso","lukso","LUKSO (Old)","LYXE"
"monetha","monetha","Monetha","MTH"
"tidex-token","tidex-token","Tidex Token","TDX"
"meter-governance","meter-governance","Meter Governance","MTRG"
"zelwin","zelwin","Zelwin","ZLW"
"hedgetrade","hedgetrade","HedgeTrade","HEDG"
"woonkly-power","woonkly-power","Woonkly Power","WOOP"
"cvault-finance","cvault-finance","cVault.finance","CORE"
"dero","dero","Dero","DERO"
"chain-games","chain-games","Chain Games","CHAIN"
"naos-finance","naos-finance","NAOS Finance","NAOS"
"fegtoken","fegtoken","FEG Token","FEG"
"0chain","0chain","Zus","ZCN"
"global-social-chain","global-social-chain","Global Social Chain","GSC"
"dino","dino","Dino","DINO"
"mobius","mobius","Mobius","MOBI"
"tokemak","tokemak","Tokemak","TOKE"
"autonio","autonio","Autonio","NIOX"
"scryinfo","scryinfo","Scry.info","DDD"
"oraclechain","oraclechain","OracleChain","OCT"
"polydoge","polydoge","PolyDoge","POLYDOGE"
"burn","burn","Burn","BURN"
"mindsync","mindsync","Mindsync","MAI"
"kine","kine","KINE","KINE"
"linkeye","linkeye","LinkEye","LET"
"bsc-station","bsc-station","BSCStation","BSCS"
"cryptozoon","cryptozoon","CryptoZoon","ZOON"
"ink","ink","Ink","INK"
"wall-street-games","wall-street-games","Wall Street Games","WSG"
"zeepin","zeepin","Zeepin","ZPT"
"game","game","Game.com","GTC"
"starbase","starbase","Starbase","STAR"
"trinity-network-credit","trinity-network-credit","Trinity Network Credit","TNC"
"qbao","qbao","Qbao","QBT"
"btc-standard-hashrate-token","btc-standard-hashrate-token","Bitcoin Standard Hashrate Token","BTCST"
"pbtc35a","pbtc35a","pBTC35A","PBTC35A"
"tokenclub","tokenclub","TokenClub","TCT"
"nebulas-token","nebulas-token","Nebulas","NAS"
"cardstack","cardstack","Cardstack","CARD"
"bottos","bottos","Bottos","BTO"
"coinfi","coinfi","CoinFi","COFI"
"blockcdn","blockcdn","BlockCDN","BCDN"
"remme","remme","Remme","REM"
"lemochain","lemochain","LemoChain","LEMO"
"vidy","vidy","VIDY","VIDY"
"bitcoin-file","bitcoin-file","Bitcoin File","BIFI"
"bounty0x","bounty0x","Bounty0x","BNTY"
"mixin","mixin","Mixin","XIN"
"sashimi","sashimi","Sashimi","SASHIMI"
"epik-protocol","epik-protocol","EpiK Protocol","AIEPK"
"primas","primas","Primas","PST"
"gems-protocol","gems-protocol","Gems","GEM"
"safemars","safemars","Safemars","SAFEMARS"
"zeusshield","zeusshield","Zeusshield","ZSC"
"essentia","essentia","Essentia","ESS"
"medical-chain","medical-chain","Medicalchain","MTN"
"bnktothefuture","bnktothefuture","BnkToTheFuture","BFT"
"bitcoinx","bitcoinx","BitcoinX","BCX"
"hashcoin","hashcoin","HashCoin","HSC"
"iht-real-estate-protocol","iht-real-estate-protocol","IHT Real Estate Protocol","IHT"
"credits","credits","Credits","CS"
"qash","qash","QASH","QASH"
"electrifyasia","electrifyasia","Electrify.Asia","ELEC"
"ripio-credit-network","ripio-credit-network","Ripio Credit Network","RCN"
"odyssey","odyssey","Odyssey","OCN"
"delphy","delphy","Delphy","DPY"
"onix","onix","Onix","ONX"
"etherparty","etherparty","Etherparty","FUEL"
"moeda-loyalty-points","moeda-loyalty-points","Moeda Loyalty Points","MDA"
"monero-classic","monero-classic","Monero Classic","XMC"
"gsenetwork","gsenetwork","GSENetwork","GSE"
"medishares","medishares","MediShares","MDS"
"red","red","RED","RED"
"pchain","pchain","Plian","PI"
"eosdac","eosdac","eosDAC","EOSDAC"
"sopay","sopay","SoPay","SOP"
"agrello-delta","agrello-delta","Agrello","DLT"
"my-master-war","my-master-war","My Master War","MAT"
"dprating","dprating","DPRating","RATING"
"edgeless","edgeless","Edgeless","EDG"
"skrumble-network","skrumble-network","Skrumble Network","SKM"
"ost","ost","OST","OST"
"xdefi-wallet","xdefi-wallet","XDEFI Wallet","XDEFI"
"hitchain","hitchain","HitChain","HIT"
"bitcoin-god","bitcoin-god","Bitcoin God","GOD"
"basis-share","basis-share","Basis Share","BAS"
"kittenfinance","kittenfinance","KittenFinance","KIF"
"raiden-network-token","raiden-network-token","Raiden Network Token","RDN"
"daex","daex","DAEX","DAX"
"nafter","nafter","Nafter","NAFT"
"metronome","metronome","Metronome","MET"
"mithril-share","mithril-share","Mithril Share","MIS"
"super-bitcoin","super-bitcoin","Super Bitcoin","SBTC"
"libra-credit","libra-credit","Cred","LBA"
"dxdao","dxdao","DXdao","DXD"
"12ships","12ships","12Ships","TSHP"
"mute","mute","Mute","MUTE"
"energo","energo","Energo","TSL"
"talken","talken","Talken","TALK"
"maidsafecoin","maidsafecoin","MaidSafeCoin","MAID"
"blockv","blockv","BLOCKv","VEE"
"tbtc","tbtc","tBTC","TBTC"
"everex","everex","Everex","EVX"
"bitbook","bitbook","BitBook","BBT"
"nxt","nxt","Nxt","NXT"
"nucypher","nucypher","NuCypher","NU"
"faceter","faceter","Faceter","FACE"
"delta-chain","delta-chain","DeltaChain","DELTA"
"hackspace-capital","hackspace-capital","Hackspace Capital","HAC"
"bankera","bankera","Bankera","BNK"
"deuscoin","deuscoin","DeusCoin","DEUS"
"ultiledger","ultiledger","Ultiledger","ULT"
"torn","torn","Tornado Cash","TORN"
"liquity-usd","liquity-usd","Liquity USD","LUSD"
"olympus","olympus","Olympus v2","OHM"
"mvl","mvl","MVL","MVL"
"wrapped-nxm","wrapped-nxm","Wrapped NXM","WNXM"
"binance-usd","binance-usd","BUSD","BUSD"
"karma-eos","karma-eos","KARMA","KARMA"
"ceek-vr","ceek-vr","CEEK VR","CEEK"
"deapcoin","deapcoin","DEAPcoin","DEP"
"sologenic","sologenic","Sologenic","SOLO"
"polyswarm","polyswarm","PolySwarm","NCT"
"get-protocol","get-protocol","GET Protocol","GET"
"ramp","ramp","RAMP","RAMP"
"xsgd","xsgd","XSGD","XSGD"
"beefy-finance","beefy-finance","Beefy","BIFI"
"axel","axel","AXEL","AXEL"
"counterparty","counterparty","Counterparty","XCP"
"ichi","ichi","ICHI","ICHI"
"student-coin","student-coin","Student Coin","STC"
"platincoin","platincoin","PLATINCOIN","PLC"
"gyen","gyen","GYEN","GYEN"
"deviantcoin","deviantcoin","DeviantCoin","DEV"
"receive-access-ecosystem","receive-access-ecosystem","Receive Access Ecosystem","RAE"
"oxen","oxen","Oxen","OXEN"
"govi","govi","Govi","GOVI"
"king-dag","king-dag","King DAG","KDAG"
"bitrue-coin","bitrue-coin","Bitrue Coin","BTR"
"blockport","blockport","Blockport","BPT"
"newyork-exchange","newyork-exchange","NewYork Exchange","NYE"
"rari-governance-token","rari-governance-token","Rari Governance Token","RGT"
"particl","particl","Particl","PART"
"peakdefi","peakdefi","PEAKDEFI","PEAK"
"revain","revain","Revain","REV"
"civilization","civilization","Civilization","CIV"
"exnetwork-token","exnetwork-token","EXNT","EXNT"
"condensate","condensate","Condensate","RAIN"
"prizm","prizm","PRIZM","PZM"
"spacechain","spacechain","SpaceChain","SPC"
"zap","zap","Zap","ZAP"
"tap","tap","Tap","XTP"
"atari-token","atari-token","Atari Token","ATRI"
"litecoin-cash","litecoin-cash","Litecoin Cash","LCC"
"hakka-finance","hakka-finance","Hakka.Finance","HAKKA"
"hiblocks","hiblocks","Hiblocks","HIBS"
"safemoon-inu","safemoon-inu","SafeMoon Inu","SMI"
"swarm-network","swarm-network","Swarm","SWM"
"dentacoin","dentacoin","Dentacoin","DCN"
"pillar","pillar","Pillar","PLR"
"belt","belt","Belt Finance","BELT"
"attila","attila","Attila","ATT"
"glitch","glitch","Glitch","GLCH"
"tnc-coin","tnc-coin","TNC Coin","TNC"
"vexanium","vexanium","Vexanium","VEX"
"bitswift","bitswift","Bitswift","BITS"
"tokes","tokes","Tokes","TKS"
"unimex-network","unimex-network","UniMex Network","UMX"
"bitcoin-plus","bitcoin-plus","Bitcoin Plus","XBC"
"fsw-token","fsw-token","Falconswap","FSW"
"callisto-network","callisto-network","Callisto Network","CLO"
"contracoin","contracoin","CONTRACOIN","CTCN"
"goldcoin","goldcoin","Goldcoin","GLC"
"tiger-king","tiger-king","Tiger King Coin","TKING"
"wandx","wandx","WandX","WAND"
"html-coin","html-coin","HTMLCOIN","HTML"
"depay","depay","DePay","DEPAY"
"ubex","ubex","Ubex","UBEX"
"luxcoin","luxcoin","LUXCoin","LUX"
"x-cash","x-cash","X-CASH","XCASH"
"campuscoin","campuscoin","CampusCoin","CC"
"kylin","kylin","Kylin","KYL"
"jetcoin","jetcoin","Jetcoin","JET"
"bitcoin-private","bitcoin-private","Bitcoin Private","BTCP"
"smartcash","smartcash","SmartCash","SMART"
"dawn-protocol","dawn-protocol","Dawn Protocol","DAWN"
"geodb","geodb","GeoDB","GEO"
"keeperdao","keeperdao","KeeperDAO","ROOK"
"liquid-apps","liquid-apps","LiquidApps","DAPP"
"synchrobitcoin","synchrobitcoin","SynchroBitcoin","SNB"
"duck-dao","duck-dao","Duck DAO (DLP Duck Token)","DUCK"
"innova","innova","Innova","INN"
"atmos","atmos","Atmos","ATMOS"
"shopping","shopping","Shopping","SPI"
"evergreencoin","evergreencoin","EverGreenCoin","EGC"
"piedao-dough-v2","piedao-dough-v2","PieDAO DOUGH v2","DOUGH"
"naviaddress","naviaddress","Naviaddress","NAVI"
"apx","apx","APX","APX"
"freeway-token","freeway-token","Freeway Token","FWT"
"datx","datx","DATx","DATX"
"aeron","aeron","Aeron","ARNX"
"apy-finance","apy-finance","APY.Finance","APY"
"hodlcoin","hodlcoin","HOdlcoin","HODL"
"tokenomy","tokenomy","Tokenomy","TEN"
"eventchain","eventchain","EventChain","EVC"
"aichain","aichain","AICHAIN","AIT"
"botxcoin","botxcoin","botXcoin","BOTX"
"gxchain","gxchain","GXChain","GXC"
"digixdao","digixdao","DigixDAO","DGD"
"magic-internet-money","magic-internet-money","Magic Internet Money","MIM"
"veritaseum","veritaseum","Veritaseum","VERI"
"thorchain-erc20","thorchain-erc20","THORChain (ERC20)","RUNE"
"polybius","polybius","Polybius","PLBT"
"anyswap","anyswap","Anyswap","ANY"
"premia","premia","Premia","PREMIA"
"polkaswap","polkaswap","Polkaswap","PSWAP"
"pussy-financial","pussy-financial","Pussy Financial","PUSSY"
"abulaba","abulaba","Abulaba","AAA"
"enecuum","enecuum","Enecuum","ENQ"
"wowswap","wowswap","WOWswap","WOW"
"silent-notary","silent-notary","Silent Notary","UBSN"
"ledgerscore","ledgerscore","LedgerScore","LED"
"kambria","kambria","Kambria","KAT"
"mintcoin","mintcoin","MintCoin","MINT"
"bibox-token","bibox-token","Bibox Token","BIX"
"meow","meow","MEOW","MEOW"
"globalboost-y","globalboost-y","GlobalBoost","BSTY"
"contentbox","contentbox","ContentBox","BOX"
"digix-gold-token","digix-gold-token","Digix Gold Token","DGX"
"cindicator","cindicator","Cindicator","CND"
"spankchain","spankchain","SpankChain","SPANK"
"digitex","digitex","Digitex","DGTX"
"homeros","homeros","Homeros","HMR"
"apy-vision","apy-vision","APY Vision","VISION"
"bitpanda-ecosystem-token","bitpanda-ecosystem-token","Bitpanda Ecosystem Token","BEST"
"fintrux-network","fintrux-network","FintruX Network","FTX"
"foam","foam","FOAM","FOAM"
"arbitragect","arbitragect","ArbitrageCT","ARCT"
"sportx","sportx","SX Network","SX"
"dmarket","dmarket","DMarket","DMT"
"daostack","daostack","DAOstack","GEN"
"yocoin","yocoin","Yocoin","YOC"
"emercoin","emercoin","Emercoin","EMC"
"nectar","nectar","Nectar","NEC"
"xdna","xdna","XDNA","XDNA"
"charli3","charli3","Charli3","C3"
"karbo","karbo","Karbo","KRB"
"bitcoin-cash-abc-2","bitcoin-cash-abc-2","Bitcoin Cash ABC","BCHA"
"midasprotocol","midasprotocol","MidasProtocol","MAS"
"proximax","proximax","Sirius Chain","XPX"
"eccoin","eccoin","ECC","ECC"
"bao-finance","bao-finance","Bao Finance (old)","BAO"
"yuan-chain-coin","yuan-chain-coin","Yuan Chain Coin","YCC"
"glitzkoin","glitzkoin","GlitzKoin","GTN"
"pumapay","pumapay","PumaPay","PMA"
"baer-chain","baer-chain","Baer Chain","BRC"
"novacoin","novacoin","Novacoin","NVC"
"curecoin","curecoin","Curecoin","CURE"
"ormeus-coin","ormeus-coin","Ormeus Coin","ORMEUS"
"micromoney","micromoney","MicroMoney","AMM"
"hiveterminal-token","hiveterminal-token","Hiveterminal Token","HVN"
"substratum","substratum","Substratum","SUB"
"coinpoker","coinpoker","CoinPoker","CHP"
"rentberry","rentberry","Rentberry","BERRY"
"digitalnote","digitalnote","DigitalNote","XDN"
"tera","tera","TERA","TERA"
"exchange-union","exchange-union","Exchange Union","XUC"
"mindol","mindol","MINDOL","MIN"
"beta","beta","BETA","BETA"
"o3swap","o3swap","O3Swap","O3"
"sure","sure","SURE","SURE"
"consentium","consentium","Consentium","CSM"
"dip","dip","DIP","DIP"
"candy","candy","Candy","CANDY"
"0xbtc","0xbtc","0xBitcoin","0XBTC"
"0xcert","0xcert","0xcert","ZXC"
"1world","1world","1World","1WO"
"2give","2give","2GIVE","2GIVE"
"3x-long-ethereum-token","3x-long-ethereum-token","3X Long Ethereum Token","ETHBULL"
"42-coin","42-coin","42-coin","42"
"4new","4new","4NEW","KWATT"
"808coin","808coin","808Coin","808"
"88mph","88mph","88mph","MPH"
"8bit","8bit","8Bit","8BIT"
"8x8-protocol","8x8-protocol","8X8 PROTOCOL","EXE"
"ab-chain-rtb","ab-chain-rtb","AB-Chain RTB","RTB"
"ac3","ac3","AC3","AC3"
"acchain","acchain","ACChain","ACC"
"aced","aced","AceD (old)","ACED"
"acryptos","acryptos","ACryptoS","ACS"
"adbank","adbank","adbank","ADB"
"adcoin","adcoin","AdCoin","ACC"
"adhive","adhive","AdHive","ADH"
"aditus","aditus","Aditus","ADI"
"adtoken","adtoken","adToken","ADT"
"adultchain","adultchain","AdultChain","XXX"
"advanced-internet-blocks","advanced-internet-blocks","Advanced Internet Blocks","AIB"
"adzcoin","adzcoin","Adzcoin","ADZ"
"aegeus","aegeus","Aegeus","AEG"
"aeon","aeon","Aeon","AEON"
"aga","aga","AGA Token","AGA"
"aidcoin","aidcoin","AidCoin","AID"
"aidoc","aidoc","AI Doctor","AIDOC"
"aidos-kuneen","aidos-kuneen","Aidos Kuneen","ADK"
"aigang","aigang","Aigang","AIX"
"ailink-token","ailink-token","AiLink Token","ALI"
"aion","aion","Aion","AION"
"airbloc","airbloc","Airbloc","ABL"
"akuya-coin","akuya-coin","Akuya Coin","AKY"
"alax","alax","ALAX","ALX"
"alchemint-standards","alchemint-standards","Alchemint Standards","SDS"
"alis","alis","ALIS","ALIS"
"allianceblock","allianceblock","AllianceBlock","ALBT"
"allion","allion","Allion","ALL"
"allsafe","allsafe","AllSafe","ASAFE"
"all-sports","all-sports","All Sports","SOC"
"alphabitcoinfund","alphabitcoinfund","Alphabit","ABC"
"alphacat","alphacat","Alphacat","ACAT"
"amlt","amlt","AMLT","AMLT"
"ammo-reloaded","ammo-reloaded","Ammo Reloaded","AMMO"
"amo-coin","amo-coin","AMO Coin","AMO"
"amon","amon","Amon","AMN"
"amsterdamcoin","amsterdamcoin","AmsterdamCoin","AMS"
"anarchistsprime","anarchistsprime","AnarchistsPrime","ACP"
"anchor-neural-world","anchor-neural-world","Anchor Neural World","ANW"
"anchor-protocol","anchor-protocol","Anchor Protocol","ANC"
"animation-vision-cash","animation-vision-cash","Animation Vision Cash","AVH"
"animecoin","animecoin","Animecoin","ANI"
"ankreth","ankreth","Ankr Staked ETH","ANKRETH"
"anryze","anryze","ANRYZE","RYZ"
"apex","apex","Apex","CPX"
"aphelion","aphelion","Aphelion","APH"
"apis","apis","APIS","APIS"
"apm-coin","apm-coin","apM Coin","APM"
"apollo-currency","apollo-currency","Apollo Currency","APL"
"apollon","apollon","Apollon","XAP"
"appcoins","appcoins","AppCoins","APPC"
"apr-coin","apr-coin","APR Coin","APR"
"aquariuscoin","aquariuscoin","AquariusCoin","ARCO"
"aragon-court","aragon-court","Aragon Court","ANJ"
"archetypal-network","archetypal-network","Archetypal Network","ACTP"
"ardcoin","ardcoin","ArdCoin","ARDX"
"argentum","argentum","Argentum","ARG"
"argus","argus","Argus","ARGUS"
"arianee-protocol","arianee-protocol","Arianee","ARIA20"
"aricoin","aricoin","Aricoin","ARI"
"arion","arion","Arion","ARION"
"arlize","arlize","ARLIZE","ARLIZE"
"armor","armor","ARMOR","ARMOR"
"artbyte","artbyte","ArtByte","ABY"
"asch","asch","Asch","XAS"
"asiadigicoin","asiadigicoin","Asiadigicoin","ADCN"
"asta","asta","ASTA","ASTA"
"aston","aston","Aston","ATX"
"atbcoin","atbcoin","ATBCoin","ATB"
"atc-coin","atc-coin","ATC Coin","ATCC"
"atlant","atlant","ATLANT","ATL"
"atn","atn","ATN","ATN"
"atomic-wallet-coin","atomic-wallet-coin","Atomic Wallet Coin","AWC"
"atonomi","atonomi","Atonomi","ATMI"
"auctus","auctus","Auctus","AUC"
"audiocoin","audiocoin","AudioCoin","ADC"
"aurora","aurora","Aurora","AOA"
"auroracoin","auroracoin","Auroracoin","AUR"
"aurora-dao","aurora-dao","Aurora DAO","AURA"
"aurumcoin","aurumcoin","AurumCoin","AU"
"avoncoin","avoncoin","Avoncoin","ACN"
"aware","aware","AWARE","AT"
"axion","axion","Axion","AXN"
"b2bx","b2bx","B2BX","B2B"
"baasid","baasid","BaaSid","BAAS"
"banca","banca","Banca","BANCA"
"bankex","bankex","BANKEX","BKX"
"banyan-network","banyan-network","Banyan Network","BBN"
"basic","basic","BASIC","BASIC"
"basid-coin","basid-coin","Basid Coin","BASID"
"bastonet","bastonet","Bastonet","BSN"
"bata","bata","Bata","BTA"
"bean-cash","bean-cash","Bean Cash","BITB"
"bee-token","bee-token","Bee Token","BEE"
"belacoin","belacoin","Bela","BELA"
"beldex","beldex","Beldex","BDX"
"benchmark-protocol","benchmark-protocol","Benchmark Protocol","MARK"
"benjirolls","benjirolls","BenjiRolls","BENJI"
"beowulf","beowulf","Beowulf","BWF"
"betacoin","betacoin","BetaCoin","BET"
"betterbetting","betterbetting","BetterBetting","BETR"
"bezant","bezant","Bezant","BZNT"
"bezop","bezop","Bezop","BEZ"
"bhp-coin","bhp-coin","BHPCoin","BHP"
"biblepay","biblepay","BiblePay","BBP"
"binance-idr","binance-idr","BIDR","BIDR"
"bigbom","bigbom","Bigbom","BBO"
"big-data-protocol","big-data-protocol","Big Data Protocol","BDP"
"bigup","bigup","BigUp","BIGUP"
"biki","biki","BIKI","BIKI"
"bilira","bilira","BiLira","TRYB"
"billionaire-token","billionaire-token","Billionaire Token","XBL"
"biocoin","biocoin","BioCoin","BIO"
"biopassport-token","biopassport-token","BioPassport Token","BIOT"
"biotron","biotron","Biotron","BTRN"
"birds","birds","Birds","BIRDS"
"bismuth","bismuth","Bismuth","BIS"
"bitball-treasure","bitball-treasure","Bitball Treasure","BTRS"
"bitbar","bitbar","BitBar","BTB"
"bitbay","bitbay","BitBay","BAY"
"bitblocks","bitblocks","Bitblocks","BBK"
"bitcapitalvendor","bitcapitalvendor","BitCapitalVendor","BCV"
"bitclave","bitclave","BitClave","CAT"
"bitcloud","bitcloud","Bitcloud","BTDX"
"bitcoen","bitcoen","BitCoen","BEN"
"bitcoinfast","bitcoinfast","Bitcoin Fast","BCF"
"bitcoin-green","bitcoin-green","Bitcoin Green","BITG"
"bitcoinhd","bitcoinhd","BitcoinHD","BHD"
"bitcoin-incognito","bitcoin-incognito","Bitcoin Incognito","XBI"
"bitcoin-interest","bitcoin-interest","Bitcoin Interest","BCI"
"cannation","cannation","Bitcoin Palladium","BTCP"
"bitcoin-planet","bitcoin-planet","Bitcoin Planet","BTPL"
"bitcoinpos","bitcoinpos","BitcoinPoS","BPS"
"bitcoin-red","bitcoin-red","Bitcoin Red","BTCRED"
"bitcoin-scrypt","bitcoin-scrypt","Bitcoin Scrypt","BTCS"
"unlimitedip","unlimitedip","Bitcoin Unlimited","BTCU"
"bitcore","bitcore","BitCore","BTX"
"bitcrystals","bitcrystals","BitCrystals","BCY"
"bitcurrency","bitcurrency","Bitcurrency","BTCR"
"bitdao","bitdao","BitDAO","BIT"
"bitdeal","bitdeal","Bitdeal","BDL"
"bitdegree","bitdegree","BitDegree","BDG"
"bitdice","bitdice","BitDice","CSNO"
"bitforex-token","bitforex-token","BitForex Token","BF"
"bitmart-token","bitmart-token","BitMart Token","BMX"
"bitqy","bitqy","bitqy","BQ"
"bitradio","bitradio","Bitradio","BRO"
"bitrent","bitrent","BitRent","RNTB"
"bitrewards","bitrewards","BitRewards","BIT"
"bitscreener-token","bitscreener-token","BitScreener Token","BITX"
"bitsend","bitsend","BitSend","BSD"
"bitsoar","bitsoar","BitSoar","BSR"
"bitstation","bitstation","BitStation","BSTN"
"bittokens","bittokens","BitTokens","BXT"
"bit-tube","bit-tube","BitTube","TUBE"
"bitwhite","bitwhite","BitWhite","BTW"
"bitzeny","bitzeny","Bitzeny","ZNY"
"bit-z-token","bit-z-token","BitZ Token","BZ"
"blackcoin","blackcoin","BlackCoin","BLK"
"blackmoon","blackmoon","Blackmoon","BMC"
"blazercoin","blazercoin","BlazerCoin","BLAZR"
"blitzpredict","blitzpredict","BlitzPick","XBP"
"block-array","block-array","Block Array","ARY"
"blockchain-quotations-index-token","blockchain-quotations-index-token","Blockchain Quotations Index Token","BQT"
"blocklancer","blocklancer","Blocklancer","LNC"
"blockmason","blockmason","Blockmason Credit Protocol","BCPT"
"blockmesh","blockmesh","BlockMesh","BMH"
"blocknet","blocknet","Blocknet","BLOCK"
"blocknode","blocknode","Blocknode","BND"
"blockpool","blockpool","Blockpool","BPL"
"blocktix","blocktix","Blocktix","TIX"
"blocktrade","blocktrade","Blocktrade","BTT"
"blockzerolabs","blockzerolabs","Blockzero Labs","XIO"
"bloomtoken","bloomtoken","Bloom","BLT"
"bloomzed-token","bloomzed-token","Bloomzed Loyalty Club Ticket","BLCT"
"ethereum-blue","ethereum-blue","Blue Protocol","BLUE"
"bns-token","bns-token","BNS Token","BNS"
"doubloon","doubloon","BOAT","BOAT"
"bobs-repair","bobs-repair","Bob's Repair","BOB"
"bodhi","bodhi","Bodhi","BOT"
"bodhi-eth","bodhi-eth","Bodhi [ETH]","BOE"
"bolivarcoin","bolivarcoin","Bolivarcoin","BOLI"
"bonpay","bonpay","Bonpay","BON"
"bora","bora","BORA","BORA"
"boringdao","boringdao","BoringDAO","BOR"
"boscoin","boscoin","BOScoin","BOS"
"bowhead","bowhead","Bowhead","AHT"
"box-token","box-token","BOX Token","BOX"
"boxx-token-blockparty","boxx-token-blockparty","BOXX Token ","BOXX"
"brahmaos","brahmaos","BrahmaOS","BRM"
"bread","bread","Bread","BRD"
"breakout","breakout","Breakout","BRK"
"breakout-stake","breakout-stake","Breakout Stake","BRX"
"brickblock","brickblock","Brickblock","BBK"
"bridge-oracle","bridge-oracle","Bridge Oracle","BRG"
"britcoin","britcoin","BritCoin","BRIT"
"brokernekonetwork","brokernekonetwork","BrokerNekoNetwork","BNN"
"brat","brat","BROTHER","BRAT"
"btse","btse","BTSE Token","BTSE"
"btu-protocol","btu-protocol","BTU Protocol","BTU"
"budbo","budbo","Budbo Token","BUBO"
"bulwark","bulwark","Bulwark","BWK"
"bumbacoin","bumbacoin","BumbaCoin","BUMBA"
"bumo","bumo","BUMO","BU"
"bunnytoken","bunnytoken","BunnyToken","BUNNY"
"burency","burency","Burency","BUY"
"burst","burst","Burst","BURST"
"buzzcoin","buzzcoin","BUZZCoin","BUZZ"
"bzx-protocol","bzx-protocol","bZx Protocol","BZRX"
"cafeswap-token","cafeswap-token","CafeSwap Token","BREW"
"cage","cage","CAGE","C4G3"
"canada-ecoin","canada-ecoin","Canada eCoin","CDN"
"cannabiscoin","cannabiscoin","CannabisCoin","CANN"
"cononchain","cononchain","CanonChain","CZR"
"canyacoin","canyacoin","CanYaCoin","CAN"
"cap","cap","Cap","CAP"
"capricoin","capricoin","Capricoin+","CPS"
"carblock","carblock","CarBlock","CAR"
"card-starter","card-starter","CardStarter","CARDS"
"cargox","cargox","CargoX","CXO"
"carinet","carinet","CariNet","CIT"
"carvertical","carvertical","carVertical","CV"
"cashbery-coin","cashbery-coin","Cashbery Coin","CBC"
"cashbet-coin","cashbet-coin","CashBet Coin","CBC"
"casinocoin","casinocoin","CasinoCoin","CSC"
"caspian","caspian","Caspian","CSP"
"catcoin","catcoin","CatCoin","CAT"
"counos-coin","counos-coin","CCA","CCA"
"counos-x","counos-x","CCX","CCXX"
"cedex-coin","cedex-coin","CEDEX Coin","CEDEX"
"celo-dollar","celo-dollar","Celo Dollar","CUSD"
"centrality","centrality","CENNZnet","CENNZ"
"cfun","cfun","CFun","CFUN"
"chainium","chainium","Chainium","CHX"
"change","change","Change","CAG"
"chatcoin","chatcoin","ChatCoin","CHAT"
"chi-gastoken","chi-gastoken","Chi Gastoken","CHI"
"chips","chips","CHIPS","CHIPS"
"chronologic","chronologic","Chronologic","DAY"
"chrono-tech","chrono-tech","Chrono.tech","TIME"
"citadel","citadel","Citadel","CTL"
"clams","clams","Clams","CLAM"
"clearcoin","clearcoin","ClearCoin","XCLR"
"clearpoll","clearpoll","ClearPoll","POLL"
"cloakcoin","cloakcoin","CloakCoin","CLOAK"
"cloudbric","cloudbric","Cloudbric","CLBK"
"clubcoin","clubcoin","ClubCoin","CLUB"
"cobinhood","cobinhood","Cobinhood","COB"
"cocos-bcx","cocos-bcx","Cocos-BCX","COCOS"
"coffeecoin","coffeecoin","CoffeeCoin","CFC"
"coimatic-3","coimatic-3","Coimatic 3.0","CTIC3"
"coinlancer","coinlancer","Coinlancer","CL"
"coinmeet","coinmeet","CoinMeet","MEET"
"coinmetro-token","coinmetro-token","Coinmetro Token","XCM"
"coin","coin","Coin(O)","CNO"
"coinonat","coinonat","Coinonat","CXT"
"coinonatx","coinonatx","CoinonatX","XCXT"
"coinzoom","coinzoom","CoinZoom","ZOOM"
"colossusxt","colossusxt","ColossusXT","COLX"
"colu-local-network","colu-local-network","Colu Local Network","CLN"
"comet","comet","Comet","CMT"
"commerceblock","commerceblock","CommerceBlock","CBT"
"commerce-data-connection","commerce-data-connection","Commerce Data Connection","CDC"
"commodity-ad-network","commodity-ad-network","Commodity Ad Network","CDX"
"compound-0x","compound-0x","Compound 0x","CZRX"
"compound-ether","compound-ether","Compound Ether","CETH"
"compound-usdt","compound-usdt","Compound USDT","CUSDT"
"comsa-eth","comsa-eth","COMSA [ETH]","CMS"
"comsa-xem","comsa-xem","COMSA [XEM]","CMS"
"concierge-coin","concierge-coin","Concierge Coin","CCC"
"condominium","condominium","Condominium","CDM"
"coni","coni","Coni","CONI"
"connectjob","connectjob","ConnectJob","CJT"
"content-value-network","content-value-network","Conscious Value Network","CVNT"
"content-and-ad-network","content-and-ad-network","Content and AD Network","CAN"
"content-neutrality-network","content-neutrality-network","Content Neutrality Network","CNN"
"contractnet","contractnet","ContractNet","CNET"
"copytrack","copytrack","COPYTRACK","CPY"
"cosmo-coin","cosmo-coin","Cosmo Coin","COSM"
"coss","coss","COSS","COSS"
"couchain","couchain","Couchain","COU"
"coupecoin","coupecoin","Coupecoin","COUPE"
"covesting","covesting","Covesting","COV"
"cpchain","cpchain","CPChain","CPC"
"crave","crave","Crave","CRAVE"
"cream","cream","Cream","CRM"
"creativecoin","creativecoin","Creativecoin","CREA"
"credence-coin","credence-coin","Credence Coin","CRDNC"
"creditcoin","creditcoin","Creditcoin","CTC"
"credit-tag-chain","credit-tag-chain","Credit Tag Chain","CTC"
"credo","credo","Credo","CREDO"
"crevacoin","crevacoin","CrevaCoin","CREVA"
"cropcoin","cropcoin","Cropcoin","CROP"
"crowd-machine","crowd-machine","Crowd Machine","CMCT"
"crown","crown","Crown","CRW"
"crycash","crycash","CryCash","CRC"
"cryptaur","cryptaur","Cryptaur","CPT"
"c20","c20","CRYPTO20","C20"
"cryptocarbon","cryptocarbon","CryptoCarbon","CCRB"
"cryptocean","cryptocean","Cryptocean","CRON"
"crypto-harbor-exchange","crypto-harbor-exchange","Crypto Harbor Exchange","CHE"
"crypto-improvement-fund","crypto-improvement-fund","Crypto Improvement Fund","CIF"
"cryptojacks","cryptojacks","Cryptojacks","CJ"
"cryptokek","cryptokek","Cryptokek","KEK"
"cryptonex","cryptonex","Cryptonex","CNX"
"cryptonite","cryptonite","Cryptonite","XCN"
"cryptopay","cryptopay","Cryptopay","CPAY"
"cryptopiafeeshares","cryptopiafeeshares","CryptopiaFeeShares","CEFS"
"cryptosolartech","cryptosolartech","Cryptosolartech","CST"
"crystal-clear","crystal-clear","Crystal Clear ","CCT"
"cubits","cubits","Cubits","QBT"
"cutcoin","cutcoin","CUTcoin","CUT"
"cvcoin","cvcoin","CVCoin","CVN"
"cybereits","cybereits","Cybereits","CRE"
"cyberfm","cyberfm","CyberFM (old)","CYFM"
"cybermiles","cybermiles","CyberMiles","CMT"
"cybermusic","cybermusic","CyberMusic","CYMT"
"cybertronchain","cybertronchain","Cybertronchain","CTC"
"cybervein","cybervein","CyberVein","CVT"
"cyder","cyder","Cyder","CYDER"
"dacc","dacc","DACC","DACC"
"dacsee","dacsee","DACSEE","DACS"
"dadi","dadi","DADI","DADI"
"dalecoin","dalecoin","Dalecoin","DALC"
"daneel","daneel","Daneel","DAN"
"dao-casino","dao-casino","DAO.Casino","BET"
"dao-maker","dao-maker","DAO Maker","DAO"
"daps-token","daps-token","DAPS Token","DAPS"
"darma-cash","darma-cash","Darma Cash","DMCH"
"darsek","darsek","Darsek","KED"
"databits","databits","Databits","DTB"
"datacoin","datacoin","Datacoin","DTC"
"datawallet","datawallet","Datawallet","DXT"
"datum","datum","Datum","DAT"
"dav-coin","dav-coin","DAV Coin","DAV"
"davinci-coin","davinci-coin","Davinci Coin","DAC"
"debitcoin","debitcoin","Debitcoin","DBTC"
"debitum-network","debitum-network","Debitum","DEB"
"decent","decent","DECENT","DCT"
"decent-bet","decent-bet","DecentBet","DBET"
"decentral-games","decentral-games","Decentral Games [Old]","DG"
"decision-token","decision-token","Decision Token","HST"
"decoin","decoin","DECOIN","DTEP"
"deeponion","deeponion","DeepOnion","ONION"
"deex","deex","DEEX","DEEX"
"defi-for-you","defi-for-you","Defi For You","DFY"
"derivadao","derivadao","DerivaDAO","DDX"
"desire","desire","Desire","DSR"
"dether","dether","Dether","DTH"
"deutsche-emark","deutsche-emark","Deutsche eMark","DEM"
"devery","devery","Devery","EVE"
"dew","dew","DEW","DEW"
"dhedge-dao","dhedge-dao","dHedge DAO","DHT"
"diamond","diamond","Diamond","DMD"
"digitalcoin","digitalcoin","Digitalcoin","DGC"
"digital-insurance-token","digital-insurance-token","Digital Insurance Token","DIT"
"digital-money-bits","digital-money-bits","Digital Money Bits","DMB"
"digitalprice","digitalprice","DigitalPrice","DP"
"digital-rupees","digital-rupees","Digital Rupees","DRS"
"dignity","dignity","Dignity","DIG"
"dimcoin","dimcoin","DIMCOIN","DIM"
"dimecoin","dimecoin","Dimecoin","DIME"
"dinastycoin","dinastycoin","Dinastycoin","DCY"
"dinero","dinero","Dinero","DIN"
"distributed-credit-chain","distributed-credit-chain","Distributed Credit Chain","DCC"
"dmm-governance","dmm-governance","DMM: Governance","DMG"
"docademic","docademic","Docademic","MTC"
"doctors-coin","doctors-coin","Doctors Coin","DRS"
"dollar-online","dollar-online","Dollar Online","DOLLAR"
"domraider","domraider","DomRaider","DRT"
"dopecoin","dopecoin","DopeCoin","DOPE"
"dorado","dorado","Dorado","DOR"
"dipnet","dipnet","Doric Network","DRC"
"acute-angle-cloud","acute-angle-cloud","Double-A Chain","AAC"
"draftcoin","draftcoin","DraftCoin","DFT"
"dragon-coins","dragon-coins","Dragon Coins","DRG"
"dragonglass","dragonglass","Dragonglass","DGS"
"dragonvein","dragonvein","DragonVein","DVC"
"dropil","dropil","Dropil","DROP"
"droxne","droxne","DROXNE","DRXNE"
"dubaicoin-dbix","dubaicoin-dbix","DubaiCoin","DBIX"
"ducato-protocol-token","ducato-protocol-token","Ducato Finance Token","DUCATO"
"duckdaodime","duckdaodime","DuckDaoDime","DDIM"
"dutch-coin","dutch-coin","Dutch Coin","DUTCH"
"dws","dws","DWS","DWS"
"dxsale-network","dxsale-network","DxSale.Network","SALE"
"dynamic","dynamic","Dynamic","DYN"
"dynamiccoin","dynamiccoin","DynamicCoin","DMC"
"dynamic-trading-rights","dynamic-trading-rights","Dynamic Trading Rights","DTR"
"dystem","dystem","Dystem","DTEM"
"earthcoin","earthcoin","EarthCoin","EAC"
"earth-token","earth-token","Earth Token","EARTH"
"eauric","eauric","Eauric","EAURIC"
"ebcoin","ebcoin","EBCoin","EBC"
"ebtcnew","ebtcnew","eBitcoin","EBTC"
"ebittree-coin","ebittree-coin","Ebittree Coin","EBT"
"eboostcoin","eboostcoin","eBoost","EBST"
"echolink","echolink","EchoLink","EKO"
"e-dinar-coin","e-dinar-coin","E-Dinar Coin","EDR"
"edrcoin","edrcoin","EDRCoin","EDRC"
"educare","educare","EDUCare","EKT"
"education-ecosystem","education-ecosystem","Education Ecosystem","LEDU"
"edu-coin","edu-coin","EduCoin","EDU"
"effect-ai","effect-ai","Effect Network","EFX"
"egretia","egretia","Egretia","EGT"
"e-gulden","e-gulden","e-Gulden","EFL"
"eidoo","eidoo","Eidoo","EDO"
"einsteinium","einsteinium","Einsteinium","EMC2"
"ejoy","ejoy","EJOY","EJOY"
"elamachain","elamachain","Elamachain","ELAMA"
"elastic","elastic","Elastic","XEL"
"elcoin-el","elcoin-el","Elcoin","EL"
"electra","electra","Electra","ECA"
"electra-protocol","electra-protocol","Electra Protocol","XEP"
"electronic-pk-chain","electronic-pk-chain","Electronic PK Chain","EPC"
"elementrem","elementrem","Elementrem","ELE"
"eligma-token","eligma-token","Eligma Token","ELI"
"elitium","elitium","Elitium","EUM"
"elixir","elixir","Elixir","ELIX"
"ellaism","ellaism","Ellaism","ELLA"
"ellipsis","ellipsis","Ellipsis","EPS"
"elysia","elysia","ELYSIA","EL"
"elysian","elysian","Elysian","ELY"
"embercoin","embercoin","EmberCoin","EMB"
"embers","embers","Embers","MBRS"
"emerald","emerald","Emerald Crypto","EMD"
"emirex-token","emirex-token","Emirex Token","EMRX"
"e-money-coin","e-money-coin","e-Money","NGM"
"emphy","emphy","Emphy","EPY"
"empty-set-dollar","empty-set-dollar","Empty Set Dollar","ESD"
"encrypgen","encrypgen","EncrypGen","DNA"
"encryptotel","encryptotel","EncryptoTel [WAVES]","ETT"
"endor-protocol","endor-protocol","Endor Protocol","EDR"
"endorsit","endorsit","Endorsit","EDS"
"energitoken","energitoken","EnergiToken","ETK"
"engagement-token","engagement-token","Engagement Token","ENGT"
"enigma","enigma","Enigma","ENG"
"entcash","entcash","ENTCash","ENT"
"eosblack","eosblack","eosBLACK","BLACK"
"eos-force","eos-force","EOS Force","EOSC"
"epic-cash","epic-cash","Epic Cash","EPIC"
"equal","equal","Equal","EQL"
"equalizer","equalizer","Equalizer","EQZ"
"equilibria","equilibria","Equilibria","XEQ"
"equitrader","equitrader","EquiTrader","EQT"
"blakestar","blakestar","ERA","ERA"
"erc20","erc20","ERC20","ERC20"
"eristica","eristica","Eristica","ERT"
"eroscoin","eroscoin","Eroscoin","ERO"
"eryllium","eryllium","Eryllium","ERY"
"espers","espers","Espers","ESP"
"esports-token","esports-token","Esports Token","EST"
"eternity","eternity","Eternity","ENT"
"ethbits","ethbits","Ethbits","ETBS"
"ethereumcash","ethereumcash","Ethereum Cash","ECASH"
"ethereum-dark","ethereum-dark","Ethereum Dark","ETHD"
"ethereum-gold","ethereum-gold","Ethereum Gold","ETG"
"etheriya","etheriya","Etheriya","RIYA"
"etheroll","etheroll","Etheroll","DICE"
"ethersocial","ethersocial","Ethersocial","ESN"
"ethos","ethos","Ethos","ETHOS"
"euno","euno","EUNO","EUNO"
"europecoin","europecoin","EuropeCoin","ERC"
"everus","everus","Everus","EVR"
"evil-coin","evil-coin","Evil Coin","EVIL"
"excaliburcoin","excaliburcoin","Excaliburcoin","EXC"
"exclusivecoin","exclusivecoin","ExclusiveCoin","EXCL"
"eximchain","eximchain","Eximchain","EXC"
"exmr","exmr","EXMR","EXMR"
"expanse","expanse","Expanse","EXP"
"experience-points","experience-points","Experience Points","XP"
"experty","experty","Experty","EXY"
"exrnchain","exrnchain","EXRNchain","EXRN"
"eztoken","eztoken","EZToken","EZT"
"fabric-token","fabric-token","Fabric Token","FT"
"factom","factom","Factom","FCT"
"faircoin","faircoin","FairCoin","FAIR"
"fairgame","fairgame","FairGame","FAIR"
"fantasy-cash","fantasy-cash","Fantasy Cash","FANS"
"fantasygold","fantasygold","FantasyGold","FGC"
"fantomcoin","fantomcoin","Fantomcoin","FCN"
"fapcoin","fapcoin","FAPcoin","FAP"
"faraland","faraland","FaraLand","FARA"
"farmatrust","farmatrust","FarmaTrust","FTT"
"feathercoin","feathercoin","Feathercoin","FTC"
"fibos","fibos","FIBOS","FO"
"filecash","filecash","Filecash","FIC"
"finnexus","finnexus","FinNexus","FNX"
"fire-lotto","fire-lotto","Fire Lotto","FLOT"
"first-bitcoin","first-bitcoin","First Bitcoin","BIT"
"first-bitcoin-capital","first-bitcoin-capital","First Bitcoin Capital","BITCF"
"firstblood","firstblood","FirstBlood","1ST"
"fleta","fleta","FLETA","FLETA"
"flik","flik","FLiK","FLIK"
"flip","flip","FLIP","FLP"
"flixxo","flixxo","Flixxo","FLIXX"
"flourmix","flourmix","FlourMix","FLO"
"flypme","flypme","FlypMe","FYP"
"fnb-protocol","fnb-protocol","FNB Protocol","FNB"
"fnkos","fnkos","FNKOS","FNKOS"
"foldingcoin","foldingcoin","FoldingCoin","FLDC"
"folgory-coin","folgory-coin","Folgory Coin","FLG"
"fonziecoin","fonziecoin","Fonziecoin","FONZ"
"food","food","FoodCoin","FOOD"
"forkcoin","forkcoin","Forkcoin","FORK"
"formosa-financial","formosa-financial","Formosa Financial","FMF"
"fortknoxster","fortknoxster","FortKnoxster","FKX"
"fortuna","fortuna","Fortuna","FOTA"
"forty-seven-bank","forty-seven-bank","Forty Seven Bank","FSBT"
"trumpcoin","trumpcoin","FreedomCoin","FREED"
"freyrchain","freyrchain","Freyrchain","FREC"
"friends","friends","Friendz","FDZ"
"fujicoin","fujicoin","FujiCoin","FJC"
"fujinto","fujinto","Fujinto","NTO"
"futurax","futurax","FUTURAX","FTXT"
"futurexcrypto","futurexcrypto","FUTUREXCRYPTO","FXC"
"futurocoin","futurocoin","FuturoCoin","FTO"
"fuzex","fuzex","FuzeX","FXT"
"fuzzballs","fuzzballs","FuzzBalls","FUZZ"
"gainer","gainer","Gainer","GNR"
"gains-farm-v2","gains-farm-v2","Gains Farm","GFARM2"
"gamb","gamb","GAMB","GMB"
"gambit","gambit","Gambit","GAM"
"gamechain","gamechain","GameChain System","GCS"
"gamecredits","gamecredits","GameCredits","GAME"
"garlicoin","garlicoin","Garlicoin","GRLC"
"gazecoin","gazecoin","GazeCoin","GZE"
"gcn-coin","gcn-coin","GCN Coin","GCN"
"geertcoin","geertcoin","GeertCoin","GEERT"
"genesis-vision","genesis-vision","Genesis Vision","GVT"
"geocoin","geocoin","GeoCoin","GEO"
"gerowallet","gerowallet","GeroWallet","GERO"
"gincoin","gincoin","GINcoin","GIN"
"gladius-token","gladius-token","Gladius Token","GLA"
"globaltoken","globaltoken","GlobalToken","GLT"
"gny","gny","GNY","GNY"
"gobyte","gobyte","GoByte","GBX"
"goldblocks","goldblocks","GoldBlocks","GB"
"goldmaxcoin","goldmaxcoin","GoldMaxCoin","GMX"
"goldpieces","goldpieces","GoldPieces","GP"
"gold-poker","gold-poker","Gold Poker","GPKR"
"gold-reward-token","gold-reward-token","GOLD Reward Token","GRX"
"golfcoin","golfcoin","Golfcoin","GOLF"
"golos","golos","Golos","GOLOS"
"golos-gold","golos-gold","Golos Gold","GBG"
"gonetwork","gonetwork","GoNetwork","GOT"
"goodomy","goodomy","Goodomy","GOOD"
"governance-zil","governance-zil","governance ZIL","GZIL"
"graft","graft","Graft","GRFT"
"graphcoin","graphcoin","Graphcoin","GRPH"
"greencoin","greencoin","Greencoin","GRE"
"greenmed","greenmed","GreenMed","GRMD"
"greenpower","greenpower","GreenPower","GRN"
"grid","grid","Grid+","GRID"
"gridcoin","gridcoin","Gridcoin","GRC"
"grimcoin","grimcoin","Grimcoin","GRIM"
"growers-international","growers-international","Growers International","GRWI"
"guaranteed-ethurance-token-extra","guaranteed-ethurance-token-extra","Guaranteed Ethurance Token Extra","GETX"
"hacken","hacken","Hacken","HKN"
"halalchain","halalchain","HalalChain","HLC"
"halloween-coin","halloween-coin","Halloween Coin","HALLO"
"happycoin","happycoin","Happycoin","HPC"
"haracoin","haracoin","Haracoin","HRC"
"harmonycoin-hmc","harmonycoin-hmc","HarmonyCoin","HMC"
"harvest-masternode-coin","harvest-masternode-coin","Harvest Masternode Coin","HC"
"havven","havven","Havven","HAV"
"havy","havy","Havy","HAVY"
"hdac","hdac","Hdac","HDAC"
"healthywormcoin","healthywormcoin","HealthyWormCoin","WORM"
"heartbout","heartbout","HeartBout","HB"
"heat-ledger","heat-ledger","HEAT","HEAT"
"helbiz","helbiz","Helbiz","HBZ"
"helleniccoin","helleniccoin","Hellenic Coin","HNC"
"hellogold","hellogold","HelloGold","HGT"
"hempcoin","hempcoin","HempCoin","THC"
"herocoin","herocoin","HEROcoin","PLAY"
"heronode","heronode","HeroNode","HER"
"hexx","hexx","Hexx","HXX"
"hicoin","hicoin","HiCoin","XHI"
"hi-mutual-society","hi-mutual-society","Hi Mutual Society","HMC"
"hirematch","hirematch","HireMatch","HIRE"
"hold","hold","HOLD","HOLD"
"homeblockcoin","homeblockcoin","HomeBlockCoin","HBC"
"honey","honey","Honey","HONEY"
"hoo-token","hoo-token","Hoo Token","HOO"
"dovu","dovu","HOPE","HOPE"
"horizon-protocol","horizon-protocol","Horizon Protocol","HZN"
"hotbit-token","hotbit-token","Hotbit Token","HTB"
"humaniq","humaniq","Humaniq","HMQ"
"humanscape","humanscape","Humanscape","HUM"
"huncoin","huncoin","Huncoin","HNC"
"huntercoin","huntercoin","HunterCoin","HUC"
"huobi-btc","huobi-btc","Huobi BTC","HBTC"
"huobi-pool-token","huobi-pool-token","Huobi Pool Token","HPT"
"hurify","hurify","Hurify","HUR"
"husd","husd","HUSD","HUSD"
"hush","hush","Hush","HUSH"
"hxro","hxro","HXRO","HXRO"
"hybrix","hybrix","hybrix","HY"
"hycon","hycon","HYCON","HYC"
"internet-of-people","internet-of-people","Hydraledger","HYD"
"hydro","hydro","Hydro","HYDRO"
"hyperion","hyperion","Hyperion","HYN"
"synereo","synereo","HyperSpace","AMP"
"hyperstake","hyperstake","HyperStake","HYP"
"i0coin","i0coin","I0Coin","I0C"
"iconomi","iconomi","Iconomi","ICN"
"idea-chain-coin","idea-chain-coin","Idea Chain Coin","ICH"
"idex-membership","idex-membership","IDEX Membership","IDXM"
"idol-coin","idol-coin","IDOL COIN","IDOL"
"ifoods-chain","ifoods-chain","Ifoods Chain","IFOOD"
"ig-gold","ig-gold","IG Gold","IGG"
"ignition","ignition","Ignition","IC"
"imbrex","imbrex","imbrex","REX"
"incakoin","incakoin","IncaKoin","NKA"
"incent","incent","Incent","INCNT"
"indahash","indahash","indaHash","IDH"
"indicoin","indicoin","Indicoin","INDI"
"infinitecoin","infinitecoin","Infinitecoin","IFC"
"infinity-economics","infinity-economics","Infinity Economics","XIN"
"infinity-esaham","infinity-esaham","Infinity Esaham","INFS"
"inflationcoin","inflationcoin","InflationCoin","IFLT"
"influence-chain","influence-chain","Influence Chain","INC"
"ink-protocol","ink-protocol","Ink Protocol","XNK"
"ino-coin","ino-coin","Ino Coin","INO"
"insanecoin-insn","insanecoin-insn","InsaneCoin","INSN"
"insight-chain","insight-chain","Insight Chain","INB"
"insights-network","insights-network","Insights Network","INSTAR"
"insolar","insolar","Insolar","XNS"
"insurchain","insurchain","InsurChain","INSUR"
"insureum","insureum","Insureum","ISR"
"int-chain","int-chain","INT","INT"
"intelligent-investment-chain","intelligent-investment-chain","Intelligent Investment Chain","IIC"
"intelligent-trading-foundation","intelligent-trading-foundation","Intelligent Trading Foundation","ITT"
"internationalcryptox","internationalcryptox","InternationalCryptoX","INCX"
"invacio","invacio","Invacio","ENIX"
"investdigital","investdigital","InvestDigital","IDT"
"investfeed","investfeed","InvestFeed","IFT"
"invictus-hyperion-fund","invictus-hyperion-fund","Invictus Hyperion Fund","IHF"
"iocoin","iocoin","I/O Coin","IOC"
"ion","ion","ION","ION"
"iot-chain","iot-chain","IoT Chain","ITC"
"iou","iou","IOU","IOUX"
"iov-blockchain","iov-blockchain","IOV BlockChain","IOV"
"ipchain","ipchain","IPChain","IPC"
"ip-exchange","ip-exchange","IP Exchange","IPSX"
"everipedia","everipedia","IQ","IQ"
"iqcash","iqcash","IQ.cash","IQ"
"iqeon","iqeon","IQeon","IQN"
"iquant","iquant","iQuant","IQT"
"irishcoin","irishcoin","IrishCoin","IRL"
"iticoin","iticoin","iTicoin","ITI"
"iungo","iungo","Iungo","ING"
"ivy","ivy","Ivy","IVY"
"ixcoin","ixcoin","Ixcoin","IXC"
"ixledger","ixledger","IXT","IXT"
"ize","ize","IZE","IZE"
"jesus-coin","jesus-coin","Jesus Coin","JC"
"jet8","jet8","JET8","J8T"
"jibrel-network","jibrel-network","Jibrel Network","JNT"
"jin-coin","jin-coin","Jin Coin","JIN"
"jingtum-tech","jingtum-tech","Jingtum Tech","SWTC"
"joincoin","joincoin","Joincoin","J"
"joulecoin","joulecoin","Joulecoin","XJO"
"jury-online-token","jury-online-token","Jury.Online Token","JOT"
"justliquidity","justliquidity","JustLiquidity","JUL"
"kanadecoin","kanadecoin","KanadeCoin","KNDC"
"karatgold-coin","karatgold-coin","Karatgold Coin","KBC"
"kayicoin","kayicoin","Kayicoin","KAYI"
"kcash","kcash","Kcash","KCASH"
"qlink","qlink","Kepple","QLC"
"key","key","KEY","KEY"
"kind-ads-token","kind-ads-token","Kind Ads Token","KIND"
"kirobo","kirobo","Kirobo","KIRO"
"kiwigo","kiwigo","KIWIGO","KGO"
"klayswap-protocol","klayswap-protocol","KLAYswap Protocol","KSP"
"knekted","knekted","Knekted","KNT"
"kobocoin","kobocoin","Kobocoin","KOBO"
"kolion","kolion","Kolion","KLN"
"kora-network-token","kora-network-token","Kora Network Token","KNT"
"korecoin","korecoin","Kore","KORE"
"kubera-coin","kubera-coin","Kubera Coin","KBR"
"kun","kun","KUN","KUN"
"kurrent","kurrent","Kurrent","KURT"
"kzcash","kzcash","Kzcash","KZC"
"lala-world","lala-world","LALA World","LALA"
"lamden","lamden","Lamden","TAU"
"lampix","lampix","Lampix","PIX"
"largo-coin","largo-coin","Largo Coin","LRG"
"latiumx","latiumx","LatiumX","LATX"
"latoken","latoken","LATOKEN","LA"
"leadcoin","leadcoin","Leadcoin","LDC"
"leafcoin","leafcoin","LeafCoin","LEAF"
"lendingblock","lendingblock","Lendingblock","LND"
"lendroid-support-token","lendroid-support-token","Lendroid Support Token","LST"
"leocoin","leocoin","LEOcoin","LC4"
"level-up","level-up","Level Up Coin","LUC"
"leviar","leviar","Leviar","XLC"
"levocoin","levocoin","Levocoin","LEVO"
"legolas-exchange","legolas-exchange","LGO Exchange","LGO"
"lightchain","lightchain","LightChain","LIGHT"
"lightning-bitcoin","lightning-bitcoin","Lightning Bitcoin","LBTC"
"lightpaycoin","lightpaycoin","Lightpaycoin","LPC"
"likecoin","likecoin","LikeCoin","LIKE"
"lina","lina","LINA","LINA"
"linda","linda","Linda","LINDA"
"linfinity","linfinity","Linfinity","LFC"
"linkedcoin","linkedcoin","LinkedCoin","LKC"
"link-platform","link-platform","Link Platform","LNK"
"linx","linx","Linx","LINX"
"litebitcoin","litebitcoin","LiteBitcoin","LBTC"
"litecoin-plus","litecoin-plus","Litecoin Plus","LCP"
"litedoge","litedoge","LiteDoge","LDOGE"
"live-stars","live-stars","Live Stars","LIVE"
"local-world-forwarders","local-world-forwarders","Local World Forwarders","LWF"
"locicoin","locicoin","LOCIcoin","LOCI"
"lockchain","lockchain","LockTrip","LOC"
"logiscoin","logiscoin","LogisCoin","LGS"
"lomocoin","lomocoin","LoMoCoin","LMC"
"lotto","lotto","Lotto","LOTTO"
"loyalcoin","loyalcoin","LoyalCoin","LYL"
"luna-coin","luna-coin","Luna Coin","LUNA"
"lunyr","lunyr","Lunyr","LUN"
"lykke","lykke","Lykke","LKK"
"lynx","lynx","Lynx","LYNX"
"maggie","maggie","Maggie","MAG"
"magi","magi","Magi","XMG"
"magnetcoin","magnetcoin","Magnetcoin","MAGN"
"magnum","magnum","Magnum","MGM"
"mainstream-for-the-underground","mainstream-for-the-underground","Mainstream For The Underground","MFTU"
"map-protocol","map-protocol","MAP Protocol","MAP"
"mark-space","mark-space","MARK.SPACE","MRK"
"maro","maro","Maro","MARO"
"marscoin","marscoin","Marscoin","MARS"
"martexcoin","martexcoin","MarteXcoin","MXT"
"massgrid","massgrid","MassGrid","MGD"
"massnet","massnet","Massnet","MASS"
"masternet","masternet","MASTERNET","MASH"
"masternodecoin","masternodecoin","Masternodecoin","MTNC"
"master-swiscoin","master-swiscoin","Master Swiscoin","MSCN"
"guppy","guppy","Matchpool","GUP"
"matryx","matryx","Matryx","MTX"
"mavro","mavro","Mavro","MAVRO"
"maximine-coin","maximine-coin","Maximine Coin","MXM"
"crypto-com","crypto-com","MCO","MCO"
"medx","medx","MediBloc [ERC20]","MEDX"
"mediccoin","mediccoin","MedicCoin","MEDIC"
"meesh-coin","meesh-coin","MEESH Coin","MEESH"
"meetone","meetone","MEET.ONE","MEETONE"
"megacoin","megacoin","Megacoin","MEC"
"memetic","memetic","Memetic / PepeCoin","MEME"
"menlo-one","menlo-one","Menlo One","ONE"
"merculet","merculet","Merculet","MVP"
"mercurial-finance","mercurial-finance","Mercurial Finance","MER"
"mercury","mercury","Mercury","MER"
"metadium","metadium","Metadium","META"
"metahash","metahash","#MetaHash","MHC"
"metamorph","metamorph","MetaMorph","METM"
"metaverse-dualchain-network-architecture","metaverse-dualchain-network-architecture","Metaverse Dualchain Network Architecture","DNA"
"metaverse","metaverse","Metaverse ETP","ETP"
"metrix-coin","metrix-coin","Metrix Coin","MRX"
"micromines","micromines","Micromines","MICRO"
"milocoin","milocoin","MiloCoin","MILO"
"mimblewimblecoin","mimblewimblecoin","MimbleWimbleCoin","MWC"
"minereum","minereum","Minereum","MNE"
"miners-reward-token","miners-reward-token","Miners' Reward Token","MRT"
"minex","minex","Minex","MINEX"
"minexcoin","minexcoin","MinexCoin","MNX"
"minter-network","minter-network","Minter Network","BIP"
"mirai","mirai","Mirai","MRI"
"misbloc","misbloc","Misbloc","MSB"
"moac","moac","MOAC","MOAC"
"mobiepay","mobiepay","MobieCoin","MBX"
"mobilego","mobilego","MobileGo","MGO"
"modefi","modefi","Modefi","MOD"
"moin","moin","Moin","MOIN"
"mojocoin","mojocoin","MojoCoin","MOJO"
"molecular-future","molecular-future","Molecular Future","MOF"
"monero-original","monero-original","Monero Original","XMO"
"monetaryunit","monetaryunit","MonetaryUnit","MUE"
"monacocoin","monacocoin","Monoeci","XMCC"
"axpr-token","axpr-token","Moola","AXPR"
"moonswap","moonswap","MoonSwap","MOON"
"more-coin","more-coin","More Coin","MORE"
"mork","mork","MORK","MORK"
"morpheus-labs","morpheus-labs","Morpheus Labs","MITX"
"mothership","mothership","Mothership","MSP"
"moving-cloud-coin","moving-cloud-coin","Moving Cloud Coin","MCC"
"mstable-usd","mstable-usd","mStable USD","MUSD"
"mtc-mesh-network","mtc-mesh-network","MTC Mesh Network","MTC"
"multiplier","multiplier","Multiplier","MXX"
"gulden","gulden","MUNT","MUNT"
"mushroom","mushroom","Mushroom","MUSH"
"musicoin","musicoin","Musicoin","MUSIC"
"musiconomi","musiconomi","Musiconomi","MCI"
"mustangcoin","mustangcoin","MustangCoin","MST"
"myriad","myriad","Myriad","XMY"
"mytoken","mytoken","MyToken","MT"
"mywish","mywish","MyWish","WISH"
"naga","naga","NAGA","NGC"
"nam-coin","nam-coin","NAM COIN","NAM"
"nanjcoin","nanjcoin","NANJCOIN","NANJ"
"napoleonx","napoleonx","NaPoleonX","NPX"
"narrative","narrative","Narrative","NRVE"
"natcoin","natcoin","Natcoin","NTC"
"nav-coin","nav-coin","Navcoin","NAV"
"neblio","neblio","Neblio","NEBL"
"nebula-ai","nebula-ai","Nebula AI","NBAI"
"neo-gold","neo-gold","NEO GOLD","NEOG"
"neoscoin","neoscoin","NeosCoin","NEOS"
"nervenetwork","nervenetwork","NerveNetwork","NVT"
"nestree","nestree","Nestree","EGG"
"netcoin","netcoin","NetCoin","NET"
"netko","netko","Netko","NETKO"
"neumark","neumark","Neumark","NEU"
"neural-protocol","neural-protocol","Neural Protocol","NRP"
"neuro","neuro","Neuro","NRO"
"neurochain","neurochain","NeuroChain","NCC"
"neurotoken","neurotoken","Neurotoken","NTK"
"neutrino-usd","neutrino-usd","Neutrino Index","XTN"
"neutron","neutron","Neutron","NTRN"
"nevacoin","nevacoin","NevaCoin","NEVA"
"neverdie","neverdie","NEVERDIE","NDC"
"nework","nework","Nework","NKC"
"new-power-coin","new-power-coin","New Power Coin","NPW"
"nexium","nexium","Nexium","NXC"
"nexty","nexty","Nexty","NTY"
"nexus","nexus","Nexus","NXS"
"nitro","nitro","Nitro","NOX"
"nucleus-vision","nucleus-vision","Nitro Network","NCASH"
"nix","nix","NIX","NIX"
"noblecoin","noblecoin","NobleCoin","NOBL"
"no-bs-crypto","no-bs-crypto","No BS Crypto","NOBS"
"nolimitcoin","nolimitcoin","NoLimitCoin","NLC"
"nper","nper","NPER","NPER"
"nullex","nullex","Nullex","NLX"
"numus","numus","Numus","NMS"
"observer","observer","Observer","OBSR"
"obsidian","obsidian","Obsidian","ODN"
"obyte","obyte","Obyte","GBYTE"
"oceanchain","oceanchain","OceanChain","OC"
"oceanex-token","oceanex-token","OceanEx Token","OCE"
"oceanlab","oceanlab","Oceanlab","OCL"
"octocoin","octocoin","OctoCoin","888"
"odem","odem","ODEM","ODE"
"ofcoin","ofcoin","OFCOIN","OF"
"okcash","okcash","Okcash","OK"
"omni","omni","Omni","OMNI"
"omnitude","omnitude","Omnitude","ECOM"
"oneroot-network","oneroot-network","OneRoot Network","RNT"
"on-live","on-live","On.Live","ONL"
"opacity","opacity","Opacity","OPCT"
"op-coin","op-coin","OP Coin","OPC"
"opcoinx","opcoinx","OPCoinX","OPCX"
"opendao","opendao","OpenDAO","SOS"
"open-trading-network","open-trading-network","Open Trading Network","OTN"
"opus","opus","Opus","OPT"
"orbitcoin","orbitcoin","Orbitcoin","ORB"
"origin-sport","origin-sport","Origin Sport","ORS"
"ors-group","ors-group","ORS Group","ORS"
"osmosis","osmosis","Osmosis","OSMO"
"own","own","Own","CHX"
"pabyosi-coin-special","pabyosi-coin-special","Pabyosi Coin (Special)","PCS"
"pac-protocol","pac-protocol","PAC Protocol","PAC"
"paid-network","paid-network","PAID Network","PAID"
"pakcoin","pakcoin","Pakcoin","PAK"
"pancakebunny","pancakebunny","Pancake Bunny","BUNNY"
"pandacoin-pnd","pandacoin-pnd","Pandacoin","PND"
"pantheon-x","pantheon-x","PANTHEON X","XPN"
"paragon","paragon","Paragon","PRG"
"parallelcoin","parallelcoin","ParallelCoin","DUO"
"pareto-network","pareto-network","Pareto Network","PARETO"
"pascal-coin","pascal-coin","Pascal Coin","PASC"
"pascal-lite","pascal-lite","Pascal Lite","PASL"
"patientory","patientory","Patientory","PTOY"
"patron","patron","Patron","PAT"
"paycent","paycent","PAYCENT","PYN"
"paycoin2","paycoin2","PayCoin","XPY"
"payday-coin","payday-coin","PayDay Coin","PDX"
"payfair","payfair","Payfair","PFR"
"paymon","paymon","Paymon","PMNT"
"paypie","paypie","PayPie","PPP"
"peculium","peculium","PECULIUM (old)","PCL"
"peepcoin","peepcoin","PeepCoin","PCN"
"peercoin","peercoin","Peercoin","PPC"
"guess","guess","Peerguess","GUESS"
"peerplays-ppy","peerplays-ppy","Peerplays","PPY"
"penguin-coin","penguin-coin","Penguin Coin","PENG"
"penta","penta","Penta","PNT"
"pepe-cash","pepe-cash","Pepe Cash","PEPECASH"
"permission-coin","permission-coin","Permission Coin","ASK"
"pesetacoin","pesetacoin","Peseta Digital","PTD"
"phi-token","phi-token","PHI Token","PHI"
"phoenixcoin","phoenixcoin","Phoenixcoin","PXC"
"phoenix-global","phoenix-global","Phoenix Global [Old]","PHX"
"phore","phore","Phore","PHR"
"photon","photon","Photon","PHO"
"pibble","pibble","PIBBLE","PIB"
"pinkcoin","pinkcoin","Pinkcoin","PINK"
"pinknode","pinknode","Pinknode","PNODE"
"pioneer-coin","pioneer-coin","Pioneer Coin","PCOIN"
"pirate-blocks","pirate-blocks","Pirate Blocks","SKULL"
"pirl","pirl","Pirl","PIRL"
"pixel","pixel","PIXEL","PXL"
"pixie-coin","pixie-coin","Pixie Coin","PXC"
"pkg-token","pkg-token","PKG Token","PKG"
"planetwatch","planetwatch","PlanetWatch","PLANETS"
"platinumbar","platinumbar","PlatinumBAR","XPTX"
"platoncoin","platoncoin","PlatonCoin","PLTC"
"playcoin","playcoin","PlayCoin [QRC20]","PLY"
"playercoin","playercoin","PlayerCoin","PLACO"
"playgroundz","playgroundz","Playgroundz","IOG"
"playkey","playkey","Playkey","PKT"
"plexcoin","plexcoin","PlexCoin","PLX"
"poa","poa","POA Network","POA"
"poet","poet","Po.et","POE"
"polcoin","polcoin","Polcoin","PLC"
"policypal-network","policypal-network","PolicyPal Network","PAL"
"popchain","popchain","POPCHAIN","PCH"
"poseidon-network","poseidon-network","Poseidon Network","QQQ"
"postcoin","postcoin","PostCoin","POST"
"postoken","postoken","PoSToken","POS"
"potcoin","potcoin","PotCoin","POT"
"prasm","prasm","PRASM","PSM"
"precium","precium","Precium","PCM"
"president-trump","president-trump","President Trump","PRES"
"pressone","pressone","PressOne","PRS"
"primalbase","primalbase","Primalbase Token","PBT"
"primecoin","primecoin","Primecoin","XPM"
"primulon","primulon","Primulon","PRIMU"
"printerium","printerium","Printerium","PRX"
"prochain","prochain","ProChain","PRA"
"procurrency","procurrency","ProCurrency","PROC"
"profile-utility-token","profile-utility-token","Profile Utility Token","PUT"
"project-pai","project-pai","Project Pai","PAI"
"prospectors-gold","prospectors-gold","Prospectors Gold","PGL"
"protean","protean","Protean","PRN"
"proton-token","proton-token","Proton Token","PTT"
"proud-money","proud-money","PROUD Money","PROUD"
"proxeus","proxeus","Proxeus","XES"
"publica","publica","Publica","PBL"
"pundi-x-nem","pundi-x-nem","Pundi X NEM","NPXSXEM"
"pundi-x","pundi-x","Pundi X (Old)","NPXS"
"pura","pura","Pura","PURA"
"purex","purex","Pure","PUREX"
"purevidz","purevidz","PureVidz","VIDZ"
"putincoin","putincoin","PUTinCoin","PUT"
"pylon-network","pylon-network","Pylon Network","PYLNT"
"qcash","qcash","Qcash","QC"
"quanta-utility-token","quanta-utility-token","Quanta Utility Token","QNTU"
"quantum-resistant-ledger","quantum-resistant-ledger","Quantum Resistant Ledger","QRL"
"quasarcoin","quasarcoin","Quasarcoin","QAC"
"qube","qube","Qube","QUBE"
"quickx-protocol","quickx-protocol","QuickX Protocol","QCX"
"quiztok","quiztok","Quiztok","QTCON"
"qunqun","qunqun","QunQun","QUN"
"quotient","quotient","Quotient","XQN"
"qurito","qurito","Qurito","QURO"
"qvolta","qvolta","Qvolta","QVT"
"qwark","qwark","Qwark","QWARK"
"rabbitcoin","rabbitcoin","RabbitCoin","RBBT"
"radium","radium","Radium","RADS"
"rainicorn","rainicorn","Rainicorn","RAINI"
"rakon","rakon","Rakon","RKN"
"rate3","rate3","Rate3","RTE"
"ratecoin","ratecoin","Ratecoin","XRA"
"rchain","rchain","RChain","REV"
"read","read","Read","READ"
"realchain","realchain","RealChain","RCT"
"rebl","rebl","REBL","REBL"
"redcoin","redcoin","RedCoin","RED"
"redd","redd","ReddCoin","RDD"
"relex","relex","Relex","RLX"
"renbtc","renbtc","renBTC","RENBTC"
"renos","renos","Renos","RNS"
"rentledger","rentledger","Rentledger","RTL"
"unfederalreserve","unfederalreserve","Residual Token","ERSDL"
"restart-energy-mwat","restart-energy-mwat","Restart Energy MWAT","MWAT"
"revolutionvr","revolutionvr","RevolutionVR","RVR"
"revolvercoin","revolvercoin","RevolverCoin","XRE"
"rewardiqa","rewardiqa","Rewardiqa","REW"
"rhenium","rhenium","Rhenium","XRH"
"rialto","rialto","Rialto","XRL"
"rightmesh","rightmesh","RightMesh","RMESH"
"ring-x-platform","ring-x-platform","RING X PLATFORM","RINGX"
"rivetz","rivetz","Rivetz","RVT"
"robotina","robotina","Robotina","ROX"
"rock","rock","Rock","RKT"
"roofs","roofs","Roofs","ROOFS"
"rsk-smart-bitcoin","rsk-smart-bitcoin","Rootstock Smart Bitcoin","RBTC"
"roulettetoken","roulettetoken","RouletteToken","RLT"
"rrcoin","rrcoin","RRCoin","RRC"
"rublix","rublix","Rublix","RBLX"
"rubycoin","rubycoin","Rubycoin","RBY"
"runners","runners","Runners","RUNNERS"
"rupee","rupee","Rupee","RUP"
"russiacoin","russiacoin","RussiaCoin","RC"
"russian-mining-coin","russian-mining-coin","Russian Miner Coin","RMC"
"ryo-currency","ryo-currency","Ryo Currency","RYO"
"s4fe","s4fe","S4FE","S4F"
"safe","safe","Safe","SAFE"
"safecap-token","safecap-token","SafeCap Token","SFC"
"safe-exchange-coin","safe-exchange-coin","Safe Exchange Coin","SAFEX"
"safemoon","safemoon","SafeMoon","SAFEMOON"
"safe-trade-coin","safe-trade-coin","Safe Trade Coin","XSTC"
"safex-token","safex-token","Safex Token","SFT"
"saga","saga","Saga","SGA"
"sagacoin","sagacoin","SagaCoin","SAGA"
"sakuracoin","sakuracoin","Sakuracoin","SKR"
"salpay","salpay","SalPay","SAL"
"salus","salus","SaluS","SLS"
"santiment","santiment","Santiment Network Token","SAN"
"sapien","sapien","Sapien","SPN"
"sapphire","sapphire","Sapphire","SAPP"
"savedroid","savedroid","savedroid","SVD"
"scorecoin","scorecoin","Scorecoin","SCORE"
"seal-network","seal-network","Seal Network","SEAL"
"securecoin","securecoin","SecureCoin","SRC"
"seele","seele","Seele-N","SEELE"
"seer","seer","SEER","SEER"
"segwit2x","segwit2x","SegWit2x","B2X"
"selfsell","selfsell","SelfSell","SSC"
"senderon","senderon","Senderon","SDRN"
